Timestamp,still01-steam-pid.SP => (Aggregate=TimeAverage2),still01-steam-pid.DV01_PIT4055 => (Aggregate=TimeAverage2),still01-steam-pid.PV01-TIT4016 => (Aggregate=TimeAverage2),still01-steam-pid.PV02-TIT4015 => (Aggregate=TimeAverage2),still01-steam-pid.PV03-TIT4009 => (Aggregate=TimeAverage2),still01-steam-pid.DV02-PIT4011 => (Aggregate=TimeAverage2),still01-steam-pid.DV03-PIT4017 => (Aggregate=TimeAverage2),still01-steam-pid.DV04-FIT4054 => (Aggregate=TimeAverage2),still01-steam-pid.DV05-LIT4019 => (Aggregate=TimeAverage2),still01-steam-pid.CV-FCV4054 => (Aggregate=TimeAverage2)
7/15/2025 1:06:55 AM,211.2,65.13294,211.024510745,202.54349,198.3677631,0.7804731,1.8311768,5004.736565,41.273299615,37
7/15/2025 1:06:57 AM,211.2,65.13294,211.03731,202.54349,198.33546,0.7804731,1.8311768,5007.7741435,41.47605244,37
7/15/2025 1:06:59 AM,211.2,65.13294,211.03731,202.54349,198.33546,0.7804731,1.8311768,5003.3030867,41.36905059,37
7/15/2025 1:07:01 AM,211.2,65.15166856,211.03731,202.54349,198.33546,0.7804731,1.8311768,5001.4737248,40.93611372,37
7/15/2025 1:07:03 AM,211.2,65.24058125,211.03731,202.54349,198.33546,0.7804731,1.8311768,4996.1335617,40.947447772,37
7/15/2025 1:07:05 AM,211.2,65.27534,211.03731,202.539993045,198.33546,0.7804731,1.8311768,4982.4198547,41.044871645,37
7/15/2025 1:07:07 AM,211.2,65.27534,211.03731,202.52298,198.31989393,0.7804731,1.8311768,4982.7880551,41.421531264,37
7/15/2025 1:07:09 AM,211.2,65.27534,211.03731,202.52298,198.31375,0.7804731,1.8311768,4995.82322,41.452415295,37
7/15/2025 1:07:11 AM,211.2,65.27534,211.03731,202.52298,198.31375,0.7804731,1.8311768,5009.30823375,41.284344333,37
7/15/2025 1:07:13 AM,211.2,65.27534,211.03731,202.52298,198.31375,0.7804731,1.839999922,5008.4204,41.06910964,37
7/15/2025 1:07:15 AM,211.2,65.27534,211.03731,202.52298,198.31375,0.7804731,1.8712819,5007.2111024,40.8205915955,37
7/15/2025 1:07:17 AM,211.2,65.284780872,211.03731,202.52298,198.31375,0.7804731,1.8712819,4997.5032931,40.5733619685,37
7/15/2025 1:07:19 AM,211.2,65.327644,211.06361883,202.52298,198.29705928,0.7804731,1.8712819,4977.70712315,40.319600106,37
7/15/2025 1:07:21 AM,211.2,65.340217372,211.06973,202.52298,198.29039,0.7804731,1.8712819,4968.811042,40.445372804,37
7/15/2025 1:07:23 AM,211.2,65.39651344,211.06973,202.52298,198.29039,0.7804731,1.8712819,4976.801151,40.66376586,37
7/15/2025 1:07:25 AM,211.2,65.38637,211.06973,202.52298,198.29039,0.788063229375,1.8712819,5005.4300525,40.9018959385,37
7/15/2025 1:07:27 AM,211.2,65.38637,211.06973,202.52298,198.29039,0.82206285,1.8712819,5012.735157,40.873947,37
7/15/2025 1:07:29 AM,211.2,65.38637,211.06973,202.52298,198.29039,0.82206285,1.8712819,5006.181515,40.976324672,37
7/15/2025 1:07:31 AM,211.2,65.38637,211.06973,202.52298,198.29039,0.82206285,1.8712819,5008.3478835,41.2701235705,37
7/15/2025 1:07:33 AM,211.2,65.38637,211.06973,202.52298,198.29039,0.82206285,1.8712819,5003.2777969,41.38698624,37
7/15/2025 1:07:35 AM,211.2,65.40573601,211.06973,202.52298,198.29039,0.82206285,1.8712819,5004.07604,41.344876075,37
7/15/2025 1:07:37 AM,211.2,65.49735,211.06973,202.52298,198.29039,0.82206285,1.8712819,5016.009908,41.17413913,37
7/15/2025 1:07:39 AM,211.2,65.49735,211.07947448,202.52298,198.29039,0.82206285,1.8712819,5014.3047605,41.076173548,37
7/15/2025 1:07:41 AM,211.2,65.49735,211.08179,202.52298,198.29039,0.82206285,1.8712819,4993.6005395,40.684006051,37
7/15/2025 1:07:43 AM,211.2,65.49735,211.08179,202.51837048,198.27305048,0.82206285,1.8712819,4993.6523923,40.61776192,37
7/15/2025 1:07:45 AM,211.2,65.49735,211.08179,202.49362,198.26576,0.82206285,1.8712819,5009.4201024,40.810019485,37
7/15/2025 1:07:47 AM,211.2,65.49735,211.13467913,202.49053399,198.26576,0.82206285,1.8712819,5015.500111,41.0494556,37
7/15/2025 1:07:49 AM,211.2,65.49735,211.14745,202.47345,198.26264169,0.82206285,1.8712819,5012.69915,41.24147336,37
7/15/2025 1:07:51 AM,211.2,65.49735,211.14745,202.47345,198.26134,0.82206285,1.86872682825,5017.876286,41.1301795795,37
7/15/2025 1:07:53 AM,211.2,65.50193193,211.14745,202.47345,198.26134,0.82206285,1.8585384,5015.187464,40.884117,37
7/15/2025 1:07:55 AM,211.2,65.529553745,211.14745,202.47345,198.26134,0.82206285,1.8585384,5000.8556025,40.90768807,37
7/15/2025 1:07:57 AM,211.2,65.6654948375,211.14745,202.47345,198.26134,0.82206285,1.8585384,5003.17424275,40.96082701,37.225
7/15/2025 1:07:59 AM,211.2,66.69833138,211.14852401,202.47345,198.26134,0.81853625095,1.861046646,5028.19563,41.001014131,38
7/15/2025 1:08:01 AM,211.2,69.18068576,211.16432307,202.47345,198.26134,0.8011954,1.8714012,5153.064234,41.145172,38
7/15/2025 1:08:03 AM,211.2,70.31809373,211.16817,202.47345,198.26134,0.8011954,1.8714012,5278.7380778,41.167269278,38
7/15/2025 1:08:05 AM,211.2,70.6834694,211.16817,202.47345,198.300029345,0.8011954,1.8714012,5347.727965,41.11035232,38
7/15/2025 1:08:07 AM,211.2,70.69112768,211.16817,202.47345,198.31665,0.8011954,1.8714012,5361.62817035,40.818604,38
7/15/2025 1:08:09 AM,211.2,70.56475721,211.151714,202.47345,198.31665,0.8011954,1.8714012,5369.11345,40.783859014,38
7/15/2025 1:08:11 AM,211.2,70.58375,211.1476,202.47345,198.31665,0.8011954,1.88854985075,5390.595425,40.737092916,38
7/15/2025 1:08:13 AM,211.2,70.58375,211.1476,202.47345,198.31665,0.8011954,1.9604851,5403.273509,40.930314508,38
7/15/2025 1:08:15 AM,211.2,70.58218532,211.1476,202.47345,198.3154963,0.8145903325,1.9604851,5399.65415505,41.004319145,38
7/15/2025 1:08:17 AM,211.2,70.5843740825,211.2164037,202.47345,198.31499,0.8833729,1.9604851,5385.2087956,40.70032322,38
7/15/2025 1:08:19 AM,211.2,70.642235,211.2342,202.475260875,198.31499,0.8833729,1.9604851,5362.70710625,40.928030435,38
7/15/2025 1:08:21 AM,211.2,70.642235,211.2342,202.48662,198.31499,0.8833729,1.9604851,5361.2329535,41.187537648,38
7/15/2025 1:08:23 AM,211.2,70.6374261875,211.34862606,202.48662,198.31499,0.8833729,1.9604851,5364.5862235,41.305220336,38
7/15/2025 1:08:25 AM,211.2,70.61111,211.37886,202.493184285,198.31499,0.8833729,1.9604851,5359.949589,41.3363603085,38
7/15/2025 1:08:27 AM,211.2,70.6205464125,211.37886,202.53471,198.31499,0.8833729,1.9604851,5359.15677,41.309171107,38
7/15/2025 1:08:29 AM,211.2,70.672585,211.37886,202.53471,198.37131704,0.8833729,1.9604851,5370.4083875,41.204313584,38
7/15/2025 1:08:31 AM,211.2,70.672585,211.572737925,202.53471,198.39627,0.8833729,1.9604851,5377.986401,41.07726791,38
7/15/2025 1:08:33 AM,211.2,70.672585,211.62381,202.53471,198.39627,0.8833729,1.9604851,5362.7613527,40.87958955,38
7/15/2025 1:08:35 AM,211.2,70.672585,211.62381,202.53471,198.39627,0.8833729,1.9604851,5353.75558095,40.846473526,38
7/15/2025 1:08:37 AM,211.2,70.6749377,211.76174458,202.549105855,198.39627,0.8833729,1.9604851,5352.138267,40.8051419125,38
7/15/2025 1:08:39 AM,211.2,70.6905854,211.79819,202.64674,198.39627,0.8833729,1.9604851,5352.56873425,40.841797,38
7/15/2025 1:08:41 AM,211.2,70.69376036,211.79819,202.64674,198.52075852,0.8833729,1.9604851,5346.043625,40.8972869845,38
7/15/2025 1:08:43 AM,211.2,70.66932271,211.79819,202.64674,198.57695,0.8833729,1.9604851,5342.96592,41.005482304,38
7/15/2025 1:08:45 AM,211.2,70.67017723,211.79819,202.64674,198.57695,0.8833729,1.9604851,5345.6479995,40.896004,38
7/15/2025 1:08:47 AM,211.2,70.576313545,211.79819,202.64674,198.6221516,0.8833729,1.97436723775,5348.7217675,40.95437162,38
7/15/2025 1:08:49 AM,211.2,70.093706,212.03050028,202.64674,198.64265,0.89098671478,2.0395856,5342.463775,41.16537426,37.797
7/15/2025 1:08:51 AM,211.2,68.27352952,212.093,202.663606385,198.64265,0.93661636,2.0395856,5274.484528,41.284963964,37
7/15/2025 1:08:53 AM,211.2,67.02187,212.093,202.78671,198.71645674,0.93661636,2.0395856,5127.934534,41.222302694,37
7/15/2025 1:08:55 AM,211.2,66.85561455,212.093,202.78671,198.75024,0.93661636,2.0395856,5048.02720815,41.14136414,37
7/15/2025 1:08:57 AM,211.2,65.74788887,212.19466299,202.79812414,198.75024,0.93661636,2.0395856,5019.1539486,40.96847602,37
7/15/2025 1:08:59 AM,211.2,65.4907375975,212.22226,202.88344,198.75024,0.93661636,2.0395856,5015.52759885,41.089073376,37
7/15/2025 1:09:01 AM,211.2,65.41066,212.22226,202.88344,198.75024,0.93661636,2.0395856,5006.63364165,41.190888951,37
7/15/2025 1:09:03 AM,211.2,65.40497363,212.22226,202.88344,198.75024,0.92583865522,2.021824856,5002.4721872,41.121824637,37
7/15/2025 1:09:05 AM,211.2,65.370097465,212.25013693,202.88344,198.84351048,0.85851705,1.9357216,5010.65251225,41.073091322,37
7/15/2025 1:09:07 AM,211.2,65.385506,212.25511342,202.88344,198.8868,0.85851705,1.9357216,5010.06682285,40.8609261365,37
7/15/2025 1:09:09 AM,211.2,65.38304224,212.25436,202.89472265,198.8868,0.85851705,1.9357216,4984.88151,40.8217691085,37
7/15/2025 1:09:11 AM,211.2,65.36821748,212.25436,202.98155,198.8868,0.85851705,1.9357216,5006.23123385,40.994318956,37
7/15/2025 1:09:13 AM,211.2,65.376215885,212.25436,202.98155,198.8868,0.85851705,1.9357216,5003.1617962,40.916277137,37
7/15/2025 1:09:15 AM,211.2,65.35896803,212.25436,202.98155,198.8868,0.85851705,1.9357216,4988.9384971,40.682307608,37
7/15/2025 1:09:17 AM,211.2,65.38603,212.25436,202.98155,198.8868,0.85851705,1.9357216,4984.400261,40.6909850465,37
7/15/2025 1:09:19 AM,211.2,65.3844366,212.25436,202.98155,198.8868,0.85851705,1.9357216,4978.03388255,40.8401813,37
7/15/2025 1:09:21 AM,211.2,65.37363,212.08705,202.98155,198.8868,0.85851705,1.9357216,4975.7723645,41.02127,37
7/15/2025 1:09:23 AM,211.2,65.37363,212.03986,202.98155,198.8868,0.85851705,1.9357216,4980.0171433,40.999583805,37
7/15/2025 1:09:25 AM,211.2,65.37429286,212.007549725,202.98155,198.88421195,0.85851705,1.9357216,4969.64418025,40.964331648,37
7/15/2025 1:09:27 AM,211.2,65.37887,211.99841,202.98156314,198.88298,0.85851705,1.9282287671,4975.6601412,41.038116,37
7/15/2025 1:09:29 AM,211.2,65.37887,211.99841,202.98167,198.88298,0.85851705,1.8897533,4972.1957648,41.15797782,37
7/15/2025 1:09:31 AM,211.2,65.374275445,211.99841,202.98167,198.88298,0.853199138975,1.8897533,4975.9915598,41.4411084015,37
7/15/2025 1:09:33 AM,211.2,65.34226,211.99841,202.98167,198.840015485,0.8174521,1.8897533,4982.3047974,41.2037394825,37
7/15/2025 1:09:35 AM,211.2,65.34458625,211.99841,202.98167,198.81947,0.8174521,1.8897533,4988.771754,40.95381141,37
7/15/2025 1:09:37 AM,211.2,65.36087,211.99841,202.98167,198.81947,0.8174521,1.8897533,4993.4078435,40.821018559,37
7/15/2025 1:09:39 AM,211.2,65.357027915,211.99841,202.98167,198.809375775,0.8174521,1.8897533,4993.431208,40.811127,37
7/15/2025 1:09:41 AM,211.2,65.32976,211.84685868,202.98167,198.80446,0.8174521,1.8897533,4992.2869825,40.873380915,37
7/15/2025 1:09:43 AM,211.2,65.32976,211.8021,202.974473085,198.80446,0.8174521,1.8897533,4992.25001,41.046244427,37
7/15/2025 1:09:45 AM,211.2,65.33047492,211.8021,202.9128,198.80446,0.8174521,1.8897533,4967.2502726,40.94297522,37
7/15/2025 1:09:47 AM,211.2,65.33562,211.72918218,202.9128,198.80446,0.8174521,1.8897533,4959.1448754,40.789452272,37
7/15/2025 1:09:49 AM,211.2,65.33562,211.70734,202.9128,198.77956405,0.8174521,1.8897533,4980.8475878,40.991539816,37
7/15/2025 1:09:51 AM,211.2,65.33562,211.70734,202.9128,198.76744,0.8174521,1.8897533,5006.34892,40.96666787,37
7/15/2025 1:09:53 AM,211.2,65.3400588275,211.70734,202.9128,198.76744,0.8174521,1.8897533,5017.783905,40.939778516,37
7/15/2025 1:09:55 AM,211.2,65.372765,211.70734,202.9128,198.76744,0.8174521,1.8897533,5006.77263,40.920018873,37
7/15/2025 1:09:57 AM,211.2,65.372765,211.70734,202.9128,198.76744,0.8174521,1.8897533,5002.6365333,41.0702035,37
7/15/2025 1:09:59 AM,211.2,65.3672596825,211.70734,202.9128,198.73866489,0.8174521,1.8897533,4997.08428275,40.963057078,37
7/15/2025 1:10:01 AM,211.2,65.32426,211.70734,202.9128,198.72446,0.8174521,1.8897533,5010.2833175,40.763606187,37
7/15/2025 1:10:03 AM,211.2,65.32704983,211.70734,202.9128,198.72446,0.8174521,1.8897533,5018.13284385,40.846261,37
7/15/2025 1:10:05 AM,211.2,65.34884,211.70734,202.9128,198.72446,0.8174521,1.8897533,5016.55507,41.187996052,37
7/15/2025 1:10:07 AM,211.2,65.34884,211.70734,202.9128,198.72446,0.8174521,1.8897533,5015.1688168,41.023454519,37
7/15/2025 1:10:09 AM,211.2,65.34411049,211.66598884,202.9128,198.72446,0.8174521,1.8897533,5011.2877645,41.1250558575,37
7/15/2025 1:10:11 AM,211.2,65.30545,211.65318,202.9128,198.72446,0.8174521,1.8897533,5003.0071387,41.4277324575,37
7/15/2025 1:10:13 AM,211.2,65.30888872,211.65318,202.90634925,198.72446,0.8174521,1.8897533,4988.01852125,41.471583456,37
7/15/2025 1:10:15 AM,211.2,65.33729,211.65318,202.8423,198.72446,0.8174521,1.8897533,4977.1811208,41.203306962,37
7/15/2025 1:10:17 AM,211.2,65.33523578,211.65318,202.8423,198.72446,0.8174521,1.8897533,5003.22427955,40.914428601,37
7/15/2025 1:10:19 AM,211.2,65.317726,211.65318,202.8423,198.7298052,0.8174521,1.8897533,5011.9483123,40.970306189,37
7/15/2025 1:10:21 AM,211.2,65.317726,211.65318,202.8423,198.73251,0.8174521,1.8897533,5014.445174,41.034778678,37
7/15/2025 1:10:23 AM,211.2,65.317726,211.65318,202.8423,198.73251,0.8174521,1.8897533,5005.699808,40.661524634,37
7/15/2025 1:10:25 AM,211.2,65.317726,211.65318,202.8423,198.73251,0.8174521,1.8897533,5016.733028,40.60128,37
7/15/2025 1:10:27 AM,211.2,65.322830212,211.58078446,202.8423,198.73251,0.8174521,1.8897533,5012.8328485,40.634040295,37
7/15/2025 1:10:29 AM,211.2,65.37261,211.55786,202.8423,198.73251,0.8174521,1.8897533,5009.7743775,40.736374,37
7/15/2025 1:10:31 AM,211.2,65.37261,211.55786,202.8423,198.73251,0.8174521,1.8897533,5009.96247,40.73196147,37
7/15/2025 1:10:33 AM,211.2,65.369272995,211.55786,202.8423,198.700039365,0.8174521,1.8897533,5004.3029975,40.752811104,37
7/15/2025 1:10:35 AM,211.2,65.33614,211.55786,202.8423,198.6832,0.8174521,1.8897533,4984.3910678,40.92562328,37
7/15/2025 1:10:37 AM,211.2,65.33614,211.55786,202.841092755,198.6749944,0.8174521,1.8897533,4995.5853407,41.14099723,37
7/15/2025 1:10:39 AM,211.2,65.33614,211.55786,202.82631,198.67072,0.8174521,1.8897533,5000.4336314,41.154413396,37
7/15/2025 1:10:41 AM,211.2,65.338403405,211.55786,202.82631,198.67072,0.8174521,1.8897533,5007.86426895,41.058746,37
7/15/2025 1:10:43 AM,211.2,65.36115,211.55786,202.82631,198.67072,0.8174521,1.8897533,5008.51752175,41.110011942,37
7/15/2025 1:10:45 AM,211.2,65.36115,211.55786,202.82631,198.69615365,0.8174521,1.8897533,5002.880556,41.3717524,37
7/15/2025 1:10:47 AM,211.2,65.361674805,211.55786,202.82631,198.70955,0.8174521,1.8897533,4992.18996,41.700202518,37
7/15/2025 1:10:49 AM,211.2,65.368723445,211.55786,202.82631,198.70955,0.8174521,1.8897533,5002.2764154,41.624297341,37
7/15/2025 1:10:51 AM,211.2,65.38565,211.526397975,202.82631,198.70955,0.8174521,1.8897533,5018.064152,41.168591743,37
7/15/2025 1:10:53 AM,211.2,65.38414758,211.51605,202.82631,198.70955,0.8174521,1.8897533,5031.678199,40.847880192,37
7/15/2025 1:10:55 AM,211.2,65.36818,211.51605,202.82631,198.70955,0.8174521,1.8897533,5015.82071885,40.71011215,37
7/15/2025 1:10:57 AM,211.2,65.355732055,211.51605,202.82631,198.704865715,0.8174521,1.8897533,4989.34566145,40.5577746005,37
7/15/2025 1:10:59 AM,211.2,65.22259,211.51605,202.82631,198.70236,0.8174521,1.8897533,4991.375232,40.39591382,37
7/15/2025 1:11:01 AM,211.2,65.22259,211.51605,202.82631,198.70236,0.8174521,1.8897533,5022.4620688,40.620373055,37
7/15/2025 1:11:03 AM,211.2,65.21446995,211.500692745,202.82631,198.70236,0.8174521,1.8897533,5025.5369396,40.8224457975,37
7/15/2025 1:11:05 AM,211.2,65.12754841,211.49556,202.82631,198.70236,0.8174521,1.8897533,4999.5154,40.854693832,37
7/15/2025 1:11:07 AM,211.2,65.13284,211.49556,202.82631,198.70236,0.8174521,1.8897533,4983.62628155,41.019974664,37
7/15/2025 1:11:09 AM,211.2,65.127610395,211.49556,202.82631,198.70236,0.8174521,1.8897533,4980.70791945,41.050480104,37
7/15/2025 1:11:11 AM,211.2,65.07021,211.49556,202.82631,198.70236,0.8174521,1.8897533,4983.91507275,41.17437184,37
7/15/2025 1:11:13 AM,211.2,65.070832875,211.49406456,202.82378352,198.70236,0.8174521,1.8897533,4987.90748125,41.43866184,37
7/15/2025 1:11:15 AM,211.2,65.07776,211.49355,202.78455,198.70236,0.8174376478,1.8897533,4996.38268885,41.43741,37
7/15/2025 1:11:17 AM,211.2,65.073569596,211.49355,202.78455,198.68703731,0.81728005,1.8884322108,5003.9667483,41.476142715,37
7/15/2025 1:11:19 AM,211.2,65.023302094,211.49355,202.78455,198.67853,0.81728005,1.8783646,4991.60579255,41.47863513,37
7/15/2025 1:11:21 AM,211.2,64.98902,211.49355,202.78455,198.67853,0.81728005,1.8783646,4974.0463,40.95959409,37
7/15/2025 1:11:23 AM,211.2,64.991452,211.471015125,202.783417825,198.67853,0.81728005,1.8783646,4961.78398725,40.710040073,37
7/15/2025 1:11:25 AM,211.2,65.01942,211.4632,202.76486,198.69107996,0.81728005,1.8783646,4960.8185086,40.90893597,37
7/15/2025 1:11:27 AM,211.2,65.01942,211.4632,202.76486,198.69817,0.81728005,1.8783646,4948.383355,40.799100204,37
7/15/2025 1:11:29 AM,211.2,65.01409611,211.478250475,202.76486,198.69817,0.81728005,1.8783646,4936.86550065,40.519530805,37
7/15/2025 1:11:31 AM,211.2,64.94649,211.48347,202.76486,198.69817,0.81728005,1.8783646,4969.07191315,40.371475,37
7/15/2025 1:11:33 AM,211.2,64.94649,211.48347,202.76486,198.69817,0.81728005,1.8783646,4972.870075,40.42275779,37
7/15/2025 1:11:35 AM,211.2,64.95000144,211.48347,202.76486,198.69817,0.81728005,1.8783646,4969.961153,40.693436446,37
7/15/2025 1:11:37 AM,211.2,64.99526,211.48347,202.76300255,198.69817,0.81728005,1.8783646,4972.1530635,41.058072229,37
7/15/2025 1:11:39 AM,211.2,64.99045472,211.48347,202.72948,198.69817,0.81728005,1.8783646,4969.1583163,41.193737633,37
7/15/2025 1:11:41 AM,211.2,64.9271,211.48347,202.72948,198.69817,0.81728005,1.8783646,4972.98909615,41.180271294,37
7/15/2025 1:11:43 AM,211.2,64.9271,211.48347,202.72948,198.69817,0.81728005,1.8783646,4978.25599155,41.0979407445,37
7/15/2025 1:11:45 AM,211.2,64.9271,211.48347,202.72948,198.69817,0.81728005,1.8783646,4982.178587,41.1990848295,37
7/15/2025 1:11:47 AM,211.2,64.93025819,211.48347,202.72948,198.6138256,0.81728005,1.8783646,4994.1066215,41.31281941,37
7/15/2025 1:11:49 AM,211.2,64.9750231,211.406703625,202.72948,198.56429,0.81728005,1.8783646,4997.5108448,41.287812411,37
7/15/2025 1:11:51 AM,211.2,64.93918,211.37938,202.72948,198.56429,0.81728005,1.8783646,4997.742968,41.419980169,37
7/15/2025 1:11:53 AM,211.2,64.93918,211.37938,202.72948,198.56429,0.81728005,1.8783646,4980.5995345,41.24847418,37
7/15/2025 1:11:55 AM,211.2,64.93918,211.37938,202.72948,198.56429,0.81728005,1.8783646,4948.9654358,41.242792058,37
7/15/2025 1:11:57 AM,211.2,64.93918,211.37938,202.72948,198.56429,0.81728005,1.8783646,4930.4616314,41.14297624,37
7/15/2025 1:11:59 AM,211.2,64.93887612,211.37938,202.72948,198.56429,0.81618692671,1.8783646,4934.80305135,40.890061887,37
7/15/2025 1:12:01 AM,211.2,64.9335,211.37938,202.72948,198.56429,0.79890823,1.8783646,4948.5028792,40.775722412,37
7/15/2025 1:12:03 AM,211.2,64.9335,211.37938,202.72948,198.56429,0.79890823,1.8783646,4936.36568715,40.723334802,37
7/15/2025 1:12:05 AM,211.2,64.9335,211.2963145,202.72948,198.56429,0.79890823,1.8758899807,4923.078936,40.615723,37
7/15/2025 1:12:07 AM,211.2,64.9338257625,211.26598,202.72703618,198.56429,0.79890823,1.8504028,4930.683294,40.65007326,37
7/15/2025 1:12:09 AM,211.2,64.939705,211.26598,202.66064,198.56429,0.79890823,1.8504028,4937.946682,40.7825339225,37
7/15/2025 1:12:11 AM,211.2,64.939705,211.26598,202.66064,198.56429,0.79890823,1.8504028,4950.6338779,40.861445114,37
7/15/2025 1:12:13 AM,211.2,64.9394226725,211.26598,202.66064,198.50936009,0.79890823,1.8504028,4943.71743225,41.021624411,37
7/15/2025 1:12:15 AM,211.2,64.9335,211.26598,202.659389195,198.47612,0.79890823,1.8504028,4939.5558273,41.01555056,37
7/15/2025 1:12:17 AM,211.2,64.9335,211.26598,202.61963,198.47612,0.79890823,1.8504028,4943.720552,41.127005655,37
7/15/2025 1:12:19 AM,211.2,64.937490325,211.26598,202.61963,198.47612,0.79890823,1.8504028,4949.6681665,41.466968112,37
7/15/2025 1:12:21 AM,211.2,65.029259195,211.26598,202.61963,198.47612,0.79890823,1.8504028,4950.8813636,41.448522875,37
7/15/2025 1:12:23 AM,211.2,65.07036,211.23485674,202.61963,198.42952665,0.79890823,1.8504028,4950.7432721,40.99587657,37
7/15/2025 1:12:25 AM,211.2,65.07036,211.22314,202.61963,198.40577665,0.79890823,1.8504028,4970.51024125,40.9472984,37
7/15/2025 1:12:27 AM,211.2,65.07036,211.22314,202.61963,198.40913,0.79890823,1.8504028,4976.966575,40.9016273775,37
7/15/2025 1:12:29 AM,211.2,65.07036,211.22314,202.61963,198.384015385,0.79890823,1.8504028,4983.100891,40.89513905,37
7/15/2025 1:12:31 AM,211.2,65.07034032,211.22314,202.61963,198.36826,0.79890823,1.8504028,4998.5474125,40.630327985,37
7/15/2025 1:12:33 AM,211.2,65.07123184,211.165158265,202.61963,198.36826,0.79890823,1.8504028,5004.865924,40.467638625,37
7/15/2025 1:12:35 AM,211.2,65.103676,211.14311,202.61963,198.3766642,0.79890823,1.8504028,5000.99847175,40.661353944,37
7/15/2025 1:12:37 AM,211.2,65.103676,211.14311,202.61963,198.38206,0.79890823,1.8504028,4998.439285,40.935326,37
7/15/2025 1:12:39 AM,211.2,65.103676,211.14311,202.61963,198.39711429,0.79890823,1.8504028,4999.3933926,41.066914456,37
7/15/2025 1:12:41 AM,211.2,65.10541405,211.14311,202.61963,198.4068,0.797338396735,1.8504028,5007.0479997,41.543413768,37
7/15/2025 1:12:43 AM,211.2,65.151411219,211.14311,202.61963,198.4068,0.7644064,1.8504028,4996.30162,41.3836348,37
7/15/2025 1:12:45 AM,211.2,65.18803,211.14311,202.61963,198.4117852,0.7644064,1.8504028,4997.798622,41.42889713,37
7/15/2025 1:12:47 AM,211.2,65.18803,211.12352043,202.61963,198.41504,0.7644064,1.8504028,4981.2017412,41.3279149165,37
7/15/2025 1:12:49 AM,211.2,65.18803,211.11594,202.61963,198.41504,0.7644064,1.8504028,4960.6825712,40.918084621,37
7/15/2025 1:12:51 AM,211.2,65.18803,211.11594,202.61963,198.41504,0.7644064,1.8504028,4951.5156515,40.76104,37
7/15/2025 1:12:53 AM,211.2,65.18803,211.11594,202.61963,198.41504,0.7644064,1.8504028,4941.7521248,40.739296684,37
7/15/2025 1:12:55 AM,211.2,65.18803,211.11594,202.61963,198.41504,0.7644064,1.8504028,4952.39724235,40.673388526,37
7/15/2025 1:12:57 AM,211.2,65.18803,211.11594,202.61963,198.36600124,0.7644064,1.84869948895,4975.390056,40.7932612,37
7/15/2025 1:12:59 AM,211.2,65.189674175,211.11594,202.61710781,198.33385,0.7644064,1.8272285,4954.5490207,40.831175996,37
7/15/2025 1:13:01 AM,211.2,65.340601352,211.11594,202.46677,198.33385,0.7644064,1.8272285,4940.730876,40.9169256755,37.092
7/15/2025 1:13:03 AM,211.2,68.371509243,211.11594,202.46677,198.33385,0.76553759,1.830189788,5048.6508065,40.86318044,38
7/15/2025 1:13:05 AM,211.2,69.735858445,211.11594,202.46677,198.33385,0.7919964,1.8683575,5216.671493,41.27294,38
7/15/2025 1:13:07 AM,211.2,70.135249427,211.11783024,202.46677,198.317872,0.7919964,1.8683575,5291.804841,41.182998398,38
7/15/2025 1:13:09 AM,211.2,70.323467888,211.11858,202.46677,198.30722,0.7919964,1.8683575,5306.0627055,40.837754718,38
7/15/2025 1:13:11 AM,211.2,70.40117,211.11858,202.46677,198.30722,0.7919964,1.8683575,5295.92125625,41.022539054,38
7/15/2025 1:13:13 AM,211.2,70.40117,211.15919248,202.46677,198.30722,0.7919964,1.8683575,5300.26242,40.87187384,38
7/15/2025 1:13:15 AM,211.2,70.40117,211.17554,202.46677,198.30722,0.7919964,1.8683575,5312.85057185,40.7312809525,38
7/15/2025 1:13:17 AM,211.2,70.40117,211.17554,202.46677,198.30722,0.79459995836,1.8743658856,5351.4417469,40.755135,38
7/15/2025 1:13:19 AM,211.2,70.40117,211.17554,202.46654345,198.30722,0.86971456,1.9637287,5357.8517914,40.8214991175,38
7/15/2025 1:13:21 AM,211.2,70.40117,211.28079644,202.44707,198.30722,0.86971456,1.9637287,5355.08739875,41.119547413,38
7/15/2025 1:13:23 AM,211.2,70.403091535,211.32358,202.44707,198.33937839,0.86971456,1.9637287,5362.48524175,41.134918817,38
7/15/2025 1:13:25 AM,211.2,70.480205775,211.32358,202.44707,198.36145,0.86971456,1.9637287,5371.2863168,41.18604674,38
7/15/2025 1:13:27 AM,211.2,70.5088472,211.32358,202.44707,198.36145,0.86971456,1.9637287,5367.2266998,41.20396715,38
7/15/2025 1:13:29 AM,211.2,70.49401,211.32358,202.44707,198.36145,0.86971456,1.9637287,5333.2530844,41.360667899,38
7/15/2025 1:13:31 AM,211.2,70.494247315,211.50635883,202.44772895,198.410711875,0.86971456,1.9637287,5339.6157956,41.2987172185,38
7/15/2025 1:13:33 AM,211.2,70.50618,211.58156,202.53493,198.4453,0.86971456,1.9637287,5356.7781652,40.9375189235,38
7/15/2025 1:13:35 AM,211.2,70.50618,211.58156,202.53493,198.4453,0.86971456,1.9637287,5371.7624595,40.823127042,38
7/15/2025 1:13:37 AM,211.2,70.50618,211.58156,202.53534305,198.470439345,0.86971456,1.9637287,5371.9348868,40.89878276,38
7/15/2025 1:13:39 AM,211.2,70.503225609,211.7260881,202.61003,198.48831,0.86971456,1.9637287,5376.6523536,41.12804344,38
7/15/2025 1:13:41 AM,211.2,70.327126,211.78584,202.61003,198.48831,0.86971456,1.9637287,5378.685534,41.21170985,38
7/15/2025 1:13:43 AM,211.2,70.3258264,211.78584,202.61003,198.48831,0.86971456,1.9637287,5363.066153,41.12915,37.9255
7/15/2025 1:13:45 AM,211.2,70.2402242605,211.78584,202.61003,198.48831,0.86971456,1.9637287,5345.4341294,41.06672915,37.073
7/15/2025 1:13:47 AM,211.2,70.228084154,211.93718069,202.61003,198.48831,0.86971456,1.9637287,5356.6822731,40.767651844,38
7/15/2025 1:13:49 AM,211.2,70.611568312,212.00066,202.61003,198.48831,0.86971456,1.96659154385,5362.6494,40.837275513,37.9275
7/15/2025 1:13:51 AM,211.2,69.489685382,212.00066,202.61003,198.60495345,0.87047784637,2.0172398,5350.9518768,40.83722826,37
7/15/2025 1:13:53 AM,211.2,67.179792075,212.07893255,202.61003,198.69029,0.90606153,2.0172398,5218.9339272,40.79762826,37
7/15/2025 1:13:55 AM,211.2,66.3338185,212.11208,202.61003,198.69029,0.90606153,2.0172398,5110.6024608,40.89680109,37
7/15/2025 1:13:57 AM,211.2,65.536218355,212.11208,202.784180615,198.69029,0.90606153,2.0172398,5052.80964225,40.974470004,37
7/15/2025 1:13:59 AM,211.2,64.98649304,212.11208,202.78532,198.69029,0.90606153,2.0172398,5000.37183445,41.301500325,37
7/15/2025 1:14:01 AM,211.2,64.782949252,212.11208,202.81347155,198.69029,0.90606153,2.0172398,4961.4831386,41.568488038,37
7/15/2025 1:14:03 AM,211.2,64.688554405,212.166543875,202.81367,198.758748695,0.90606153,2.0172398,4947.5116311,41.38889907,37
7/15/2025 1:14:05 AM,211.2,64.55959,212.18983,202.874083475,198.80966,0.90606153,2.0172398,4940.2519815,41.27078421,37
7/15/2025 1:14:07 AM,211.2,64.55959,212.18983,202.87454,198.80966,0.90606153,2.0118690956,4951.9191728,41.286653465,37
7/15/2025 1:14:09 AM,211.2,64.55835788,212.18983,202.87454,198.80966,0.90479494175,1.8812726,4968.1449096,41.14562561,37
7/15/2025 1:14:11 AM,211.2,64.25156,212.18983,202.87454,198.80966,0.80473447,1.8812726,4973.45369,41.0861509475,37
7/15/2025 1:14:13 AM,211.2,64.25156,212.1163324,202.87454,198.80966,0.80473447,1.8812726,4964.88498125,40.9539963825,37
7/15/2025 1:14:15 AM,211.2,64.25156,212.08423,202.90454164,198.80966,0.80473447,1.8812726,4956.0391956,40.72639225,37
7/15/2025 1:14:17 AM,211.2,64.25156,212.08423,202.90486,198.80966,0.80473447,1.8812726,4944.75664125,40.481672531,37
7/15/2025 1:14:19 AM,211.2,63.81439551,212.08423,202.90486,198.83493645,0.80473447,1.8812726,4939.145118,40.302386455,37
7/15/2025 1:14:21 AM,211.2,63.690145376,212.08423,202.90486,198.8542,0.80473447,1.8812726,4932.715854,40.219208,37
7/15/2025 1:14:23 AM,211.2,63.68917,212.08423,202.90486,198.8542,0.80473447,1.8812726,4927.720269,40.33751705,37
7/15/2025 1:14:25 AM,211.2,63.5671869535,212.08423,202.90486,198.8542,0.80473447,1.8812726,4910.26688525,41.038358759,37
7/15/2025 1:14:27 AM,211.2,63.55477628,212.08423,202.90486,198.8542,0.80473447,1.8812726,4881.16621,41.1973103395,37
7/15/2025 1:14:29 AM,211.2,63.554657,212.08423,202.90486,198.818975615,0.80473447,1.8812726,4884.763208,41.0956173835,37
7/15/2025 1:14:31 AM,211.2,63.554657,212.08423,202.90486,198.79169,0.80473447,1.8812726,4900.0856063,41.195852138,37
7/15/2025 1:14:33 AM,211.2,63.554657,212.08423,202.83628105,198.79169,0.80473447,1.8812726,4893.5793438,41.26039151,37
7/15/2025 1:14:35 AM,211.2,63.701856156,212.08423,202.83481,198.79169,0.80473447,1.8790941854,4887.09769315,41.26693824,37
7/15/2025 1:14:37 AM,211.2,63.703644,211.762404445,202.83481,198.79169,0.80473447,1.804837,4890.1891576,41.187978569,37
7/15/2025 1:14:39 AM,211.2,63.85745305,211.6168,202.83481,198.73120298,0.80473447,1.804837,4911.5852208,41.16482728,37
7/15/2025 1:14:41 AM,211.2,63.8594,211.6168,202.83481,198.68387,0.745265190025,1.804837,4934.1109776,40.933981586,37
7/15/2025 1:14:43 AM,211.2,63.976035488,211.6168,202.83481,198.68387,0.7448158,1.804837,4904.765332,40.8603421145,37
7/15/2025 1:14:45 AM,211.2,63.977932,211.52102798,202.83481,198.68387,0.7448158,1.804837,4912.408303,40.799553259,37
7/15/2025 1:14:47 AM,211.2,63.977932,211.47668,202.83481,198.658742785,0.7448158,1.804837,4887.758811,41.094398407,37
7/15/2025 1:14:49 AM,211.2,63.977932,211.47668,202.83481,198.63904,0.7448158,1.804837,4878.194439,41.3033541,37
7/15/2025 1:14:51 AM,211.2,63.977932,211.47668,202.83481,198.63904,0.7448158,1.804837,4886.4894222,41.378141128,37
7/15/2025 1:14:53 AM,211.2,63.977932,211.37427088,202.701372355,198.63904,0.7448158,1.804837,4901.72752105,41.15510594,37
7/15/2025 1:14:55 AM,211.2,63.977932,211.32652,202.69774,198.63904,0.7448158,1.804837,4920.0457545,40.87548958,37
7/15/2025 1:14:57 AM,211.2,64.54777064,211.32652,202.69774,198.63904,0.7448158,1.804837,4938.5618048,40.69828,37
7/15/2025 1:14:59 AM,211.2,64.5594,211.32652,202.6612116,198.63904,0.7448158,1.804837,4945.30898365,40.7004822305,37
7/15/2025 1:15:01 AM,211.2,64.717691945,211.32652,202.66014,198.56496466,0.7448158,1.804837,4973.6593672,40.7374556435,37
7/15/2025 1:15:03 AM,211.2,64.787747525,211.32652,202.66014,198.51281419,0.7448158,1.804837,4971.7113667,40.8939243635,37
7/15/2025 1:15:05 AM,211.2,64.893065085,211.32652,202.66014,198.51895,0.7448158,1.804837,4976.73996775,40.926123695,37
7/15/2025 1:15:07 AM,211.2,64.895454,211.24792255,202.66014,198.513991405,0.7448158,1.804837,4977.940016,40.776802082,37
7/15/2025 1:15:09 AM,211.2,65.029636432,211.20982,202.66014,198.50986,0.7448158,1.804837,4984.609989,40.487594625,37
7/15/2025 1:15:11 AM,211.2,65.032936,211.20982,202.66014,198.50986,0.7448158,1.804837,4990.9023262,40.594555532,37
7/15/2025 1:15:13 AM,211.2,65.032936,211.20982,202.66014,198.50986,0.7448158,1.804837,4986.9824758,40.803262055,37
7/15/2025 1:15:15 AM,211.2,65.184423646,211.20982,202.66014,198.50986,0.7448158,1.804837,4964.41722375,41.098833055,37
7/15/2025 1:15:17 AM,211.2,65.18875696,211.20982,202.66014,198.49745904,0.7448158,1.804837,4982.38254,41.619936966,37
7/15/2025 1:15:19 AM,211.2,65.18874,211.20982,202.66014,198.48698,0.7448158,1.804837,4976.543636,41.79668592,37
7/15/2025 1:15:21 AM,211.2,65.18874,211.17502194,202.555308855,198.48698,0.7448158,1.804837,4987.0520669,41.6821418365,37
7/15/2025 1:15:23 AM,211.2,65.278149096,211.15796,202.55077,198.48698,0.7448158,1.804837,4992.1198,41.3823486465,37
7/15/2025 1:15:25 AM,211.2,65.281296,211.15796,202.55077,198.48698,0.7448158,1.804837,4988.002731,41.049698,37
7/15/2025 1:15:27 AM,211.2,65.281296,211.15796,202.55077,198.48698,0.7448158,1.804837,4996.8013817,41.049698,37
7/15/2025 1:15:29 AM,211.2,65.281069204,211.15796,202.55077,198.48698,0.7448158,1.804837,5020.318775,41.0462271225,37
7/15/2025 1:15:31 AM,211.2,65.286800155,211.15796,202.55077,198.48698,0.7448158,1.8051220475,5031.3562173,40.960550979,37
7/15/2025 1:15:33 AM,211.2,65.26211127,211.174560725,202.55077,198.48698,0.7448158,1.834842,5029.083476,40.507214348,37
7/15/2025 1:15:35 AM,211.2,65.2985496,211.18283,202.55077,198.48698,0.7448158,1.834842,4994.292713,40.445277734,37
7/15/2025 1:15:37 AM,211.2,65.305690505,211.18283,202.55077,198.48698,0.7448158,1.834842,4989.0187467,40.488703284,37
7/15/2025 1:15:39 AM,211.2,65.72258304,211.18283,202.55077,198.48698,0.7769824083,1.8350042772,4997.24365,40.779892,37.028
7/15/2025 1:15:41 AM,211.2,67.47779936,211.1746505,202.55077,198.39798104,0.7779431,1.8528728,5045.0518075,40.829930315,38
7/15/2025 1:15:43 AM,211.2,69.534903104,211.17053,202.55077,198.31874,0.7779431,1.8528728,5172.7939085,41.22288715,38
7/15/2025 1:15:45 AM,211.2,70.5283715135,211.17053,202.55077,198.31813808,0.7779431,1.8528728,5294.852275,41.32564165,38
7/15/2025 1:15:47 AM,211.2,70.72799109,211.16384696,202.55077,198.33045373,0.7779431,1.8528728,5350.513422,41.135152292,38
7/15/2025 1:15:49 AM,211.2,70.73502,211.16045,202.55077,198.329355555,0.7779431,1.853283472,5369.166906,41.208304238,38
7/15/2025 1:15:51 AM,211.2,70.371351864,211.16045,202.55077,198.31793,0.7779431,1.9555408,5364.734668,40.882014755,38
7/15/2025 1:15:53 AM,211.2,70.354614,211.16045,202.55077,198.31793,0.7779431,1.9555408,5326.3409098,40.7237036,38
7/15/2025 1:15:55 AM,211.2,70.263445923,211.22051126,202.536826385,198.31793,0.877864480205,1.9555408,5315.6449741,40.6906466975,38
7/15/2025 1:15:57 AM,211.2,70.248163975,211.25159,202.53596,198.34414484,0.88132787,1.9555408,5321.71004735,40.806291389,38
7/15/2025 1:15:59 AM,211.2,70.1807618,211.25159,202.53596,198.36815,0.88132787,1.9555408,5336.0279564,40.6256591,38
7/15/2025 1:16:01 AM,211.2,70.17761,211.327943075,202.53596,198.36815,0.88132787,1.9555408,5348.853755,40.7759522,38
7/15/2025 1:16:03 AM,211.2,70.17761,211.36754,202.53596,198.41524319,0.88132787,1.9555408,5344.9171975,41.127393792,38
7/15/2025 1:16:05 AM,211.2,70.17761,211.36754,202.596778,198.456466,0.88132787,1.9555408,5321.96617,41.295446656,38
7/15/2025 1:16:07 AM,211.2,70.08318112,211.480425175,202.60066,198.4788448,0.88132787,1.9555408,5289.08278,41.254474114,38
7/15/2025 1:16:09 AM,211.2,70.08415706,211.53949,202.60066,198.50128,0.88132787,1.9555408,5279.1067012,41.1388742615,38
7/15/2025 1:16:11 AM,211.2,70.08444,211.61164744,202.68294768,198.50128,0.88132787,1.9555408,5304.11727995,41.25332,38
7/15/2025 1:16:13 AM,211.2,70.02588469,211.64957,202.68834,198.50128,0.88132787,1.9555408,5289.4753308,41.2510474,38
7/15/2025 1:16:15 AM,211.2,70.04570806,211.64957,202.68834,198.53422226,0.88132787,2.00005098375,5280.6777592,41.243746656,38
7/15/2025 1:16:17 AM,211.2,70.04701,211.64957,202.68834,198.584456795,0.88132787,2.0005233,5281.78275925,41.314388498,38
7/15/2025 1:16:19 AM,211.2,70.04701,211.64957,202.68834,198.60254,0.88132787,2.0005233,5284.630785,41.180455096,38
7/15/2025 1:16:21 AM,211.2,70.03012135,211.809767335,202.77070415,198.60254,0.88132787,2.0005233,5290.4128455,41.391006,38
7/15/2025 1:16:23 AM,211.2,70.02911,211.89546,202.77643,198.622277,0.88132787,2.0005233,5289.36509835,41.328102201,38
7/15/2025 1:16:25 AM,211.2,69.817338405,211.89546,202.77643,198.64124,0.88132787,2.0005233,5294.274441,40.80072273,38
7/15/2025 1:16:27 AM,211.2,70.03372754,211.89546,202.83055333,198.64124,0.88132787,2.0005233,5321.798977,40.80375,37.991
7/15/2025 1:16:29 AM,211.2,68.049746128,211.957237985,202.83444,198.64124,0.91809132064,2.01492511485,5248.292211,40.77321776,37
7/15/2025 1:16:31 AM,211.2,66.580656638,211.99043,202.83444,198.64124,0.91994494,2.0151222,5123.4550736,40.51571,37
7/15/2025 1:16:33 AM,211.2,66.03448856,211.99043,202.83444,198.64124,0.91994494,2.0151222,5057.4321232,40.557930045,37
7/15/2025 1:16:35 AM,211.2,65.4651981275,211.99043,202.83444,198.73058835,0.91994494,2.0151222,5023.52327,40.9295754375,37
7/15/2025 1:16:37 AM,211.2,64.982625042,211.99043,202.83444,198.81609,0.91994494,2.0151222,4985.4684,41.046337175,37
7/15/2025 1:16:39 AM,211.2,64.861459132,212.046504585,202.92919808,198.81609,0.91994494,2.0151222,4959.4985085,41.048270125,37
7/15/2025 1:16:41 AM,211.2,64.8553,212.0773,202.93655,198.8622909,0.91994494,2.0151222,4956.4937616,41.054147992,37
7/15/2025 1:16:43 AM,211.2,64.81084818,212.0773,202.93655,198.90668,0.91994494,2.0151222,4977.4917706,41.497967344,37
7/15/2025 1:16:45 AM,211.2,64.80791,212.0773,202.93655,198.89686703,0.91994494,1.90273172535,4973.5129306,41.692150188,37
7/15/2025 1:16:47 AM,211.2,64.8324631,212.07152842,202.93655,198.88742,0.83020870592,1.9003795,4960.5664702,41.493856145,37
7/15/2025 1:16:49 AM,211.2,64.83417,212.06831,202.98845143,198.88742,0.82488537,1.9003795,4969.811783,41.184617008,37
7/15/2025 1:16:51 AM,211.2,64.82810225,212.06831,202.99269,198.89551532,0.82488537,1.9003795,4980.7535445,40.751795036,37
7/15/2025 1:16:53 AM,211.2,64.82767,212.06831,202.99269,198.90334,0.82488537,1.9003795,4969.0451523,40.687306459,37
7/15/2025 1:16:55 AM,211.2,64.90855528,212.0093404,202.99269,198.8878564,0.82488537,1.9003795,4964.10773555,40.865773806,37
7/15/2025 1:16:57 AM,211.2,64.91455,211.97617,202.99269,198.87274,0.82488537,1.9003795,4958.5073536,40.4950997015,37
7/15/2025 1:16:59 AM,211.2,64.91455,211.97617,202.99269,198.87211504,0.82488537,1.9003795,4954.845265,40.4187518,37
7/15/2025 1:17:01 AM,211.2,64.91455,211.97617,202.99269,198.8715,0.82488537,1.9003795,4959.4658575,40.4294777715,37
7/15/2025 1:17:03 AM,211.2,64.91455,211.97617,202.9604725,198.8715,0.82488537,1.9003795,4955.4095776,40.5267292,37
7/15/2025 1:17:05 AM,211.2,64.91455,211.97617,202.95769,198.8715,0.82488537,1.9003795,4954.1772275,40.777672783,37
7/15/2025 1:17:07 AM,211.2,64.9262491,211.97617,202.95769,198.8715,0.82488537,1.9003795,4962.6175965,41.072589337,37
7/15/2025 1:17:09 AM,211.2,64.961810675,211.97617,202.95769,198.8715,0.82488537,1.9003795,4960.3720433,41.23903,37
7/15/2025 1:17:11 AM,211.2,64.96452,211.97617,202.95769,198.8597532,0.82488537,1.9003795,4956.878705,41.262134,37
7/15/2025 1:17:13 AM,211.2,64.958639112,211.97617,202.95769,198.8481,0.82488537,1.9003795,4950.081796,41.48590916,37
7/15/2025 1:17:15 AM,211.2,64.958176,211.97617,202.95769,198.8481,0.82488537,1.9003795,4958.43272035,41.520958,37
7/15/2025 1:17:17 AM,211.2,64.958176,211.97617,202.95769,198.8481,0.82488537,1.9003795,4962.655548,41.521270984,37
7/15/2025 1:17:19 AM,211.2,64.958176,211.725082275,202.95769,198.8481,0.82488537,1.9003795,4959.5576095,41.50868468,37
7/15/2025 1:17:21 AM,211.2,65.026186408,211.57982,202.95769,198.8481,0.82488537,1.9003795,4955.148259,41.3521354785,37
7/15/2025 1:17:23 AM,211.2,65.03194,211.57982,202.95769,198.8481,0.82488537,1.9003795,4947.788963,41.2477076545,37
7/15/2025 1:17:25 AM,211.2,65.026831225,211.57982,202.95769,198.8481,0.82488537,1.9003795,4955.58284425,40.988808,37
7/15/2025 1:17:27 AM,211.2,65.02639,211.57982,202.95769,198.8129866,0.82488537,1.9003795,4977.36252625,40.9115379015,37
7/15/2025 1:17:29 AM,211.2,65.0775375825,211.57982,202.95769,198.77644,0.82488537,1.85577214,4982.2115244,40.184055025,37
7/15/2025 1:17:31 AM,211.2,65.081955,211.57982,202.95769,198.770924835,0.82488537,1.8539135,4975.9915586,40.336493082,37
7/15/2025 1:17:33 AM,211.2,65.07072026,211.47524,202.809323265,198.76515,0.78981104673,1.8539135,4968.706013,40.624202391,37
7/15/2025 1:17:35 AM,211.2,65.06969,211.41382,202.79456,198.76515,0.7868025,1.8539135,4963.7848665,40.94545,37
7/15/2025 1:17:37 AM,211.2,65.06969,211.41382,202.79456,198.76515,0.7868025,1.8539135,4961.6905035,40.94545,37
7/15/2025 1:17:39 AM,211.2,65.06969,211.41382,202.79456,198.76515,0.7868025,1.8539135,4971.1628884,40.9700506525,37
7/15/2025 1:17:41 AM,211.2,65.11600524,211.39658653,202.79456,198.75885508,0.7868025,1.8539135,4982.04587365,41.159525948,37
7/15/2025 1:17:43 AM,211.2,65.1089639,211.3864,202.79456,198.75209,0.7868025,1.8539135,4964.21649775,40.648907748,37
7/15/2025 1:17:45 AM,211.2,65.10782,211.3864,202.79456,198.75209,0.7868025,1.8539135,4939.70151,40.685751342,37
7/15/2025 1:17:47 AM,211.2,65.10782,211.3864,202.761790475,198.75209,0.7868025,1.8539135,4935.369915,40.915512,37
7/15/2025 1:17:49 AM,211.2,65.1589339,211.3864,202.75821,198.758889485,0.7868025,1.8539135,4940.153838,40.915512,37
7/15/2025 1:17:51 AM,211.2,65.16402,211.3864,202.75821,198.7663,0.7868025,1.8539135,4941.77789025,40.965807918,37
7/15/2025 1:17:53 AM,211.2,65.16402,211.35977645,202.75821,198.7663,0.7868025,1.8539135,4945.2742675,41.4584853415,37
7/15/2025 1:17:55 AM,211.2,65.15243392,211.34325,202.75821,198.7663,0.7868025,1.8539135,4942.1793306,41.328445,37
7/15/2025 1:17:57 AM,211.2,65.17954532,211.34325,202.75821,198.7663,0.7868025,1.8539135,4972.59730395,41.347884733,37
7/15/2025 1:17:59 AM,211.2,65.18248,211.34325,202.75821,198.7663,0.7868025,1.8539135,4993.3392321,41.513147376,37
7/15/2025 1:18:01 AM,211.2,65.1988333,211.34325,202.75821,198.7228258,0.7868025,1.8539135,4997.2456976,41.126409858,37
7/15/2025 1:18:03 AM,211.2,65.20053,211.34325,202.75821,198.6739,0.7868025,1.8539135,4977.405458,40.833895209,37
7/15/2025 1:18:05 AM,211.2,65.189178525,211.34325,202.75821,198.6739,0.7868025,1.8539135,4966.9412705,40.4510401635,37
7/15/2025 1:18:07 AM,211.2,65.18798,211.33475015,202.75821,198.6739,0.7868025,1.8539135,4974.8028425,40.404255035,37
7/15/2025 1:18:09 AM,211.2,65.18798,211.32935,202.75821,198.6739,0.7868025,1.8539135,4970.54480225,40.55634532,37
7/15/2025 1:18:11 AM,211.2,65.188924538,211.32935,202.75821,198.6739,0.7868025,1.8539135,4983.08468,40.63847745,37
7/15/2025 1:18:13 AM,211.2,65.218202146,211.32935,202.75821,198.6739,0.7868025,1.8539135,4990.7206515,40.80772754,37
7/15/2025 1:18:15 AM,211.2,65.22139,211.32935,202.67665801,198.6739,0.7868025,1.8539135,4990.796802,41.0448577965,37
7/15/2025 1:18:17 AM,211.2,65.2375179,211.32935,202.66663,198.6739,0.7868025,1.8539135,4994.5086991,41.167340357,37
7/15/2025 1:18:19 AM,211.2,65.23929,211.2991367,202.66663,198.6662368,0.7868025,1.8539135,4974.05976725,41.359030801,37
7/15/2025 1:18:21 AM,211.2,65.23929,211.27982,202.66663,198.65742,0.7868025,1.8539135,4976.14746,41.6384291275,37
7/15/2025 1:18:23 AM,211.2,65.27128616,211.27982,202.66663,198.65742,0.7868025,1.8539135,4962.0172605,41.554962664,37
7/15/2025 1:18:25 AM,211.2,65.275,211.27982,202.66663,198.65742,0.7868025,1.8539135,4980.53482925,41.592984365,37
7/15/2025 1:18:27 AM,211.2,65.24634592,211.27982,202.66663,198.65742,0.7868025,1.8539135,4981.47205,41.3919886825,37
7/15/2025 1:18:29 AM,211.2,65.24302,211.27982,202.66663,198.637657375,0.7868025,1.8539135,4981.43737985,41.198716702,37
7/15/2025 1:18:31 AM,211.2,65.24302,211.27982,202.66663,198.61469,0.7868025,1.8539135,4984.62225705,40.471353988,37
7/15/2025 1:18:33 AM,211.2,65.24302,211.27982,202.66663,198.621681725,0.7868025,1.8539135,4993.7127066,40.398765124,37
7/15/2025 1:18:35 AM,211.2,65.24302,211.27982,202.66663,198.62074973,0.7868025,1.8539135,5000.950097,40.553407762,37
7/15/2025 1:18:37 AM,211.2,65.28596695,211.27982,202.66663,198.6101,0.7868025,1.8539135,4997.811471,40.4991628315,37
7/15/2025 1:18:39 AM,211.2,65.291275,211.27982,202.66663,198.6101,0.7868025,1.8539135,4994.19402065,40.542860447,37
7/15/2025 1:18:41 AM,211.2,65.291275,211.27982,202.661836725,198.606991625,0.7868025,1.8539135,4993.84738795,40.472613128,37
7/15/2025 1:18:43 AM,211.2,65.31470932,211.27982,202.66118,198.6031752,0.7868025,1.8539135,4986.7804065,40.7699747425,37
7/15/2025 1:18:45 AM,211.2,67.116753888,211.27982,202.64179805,198.60297,0.792090244,1.8599558089,5033.4184825,41.1579074965,37.955
7/15/2025 1:18:47 AM,211.2,69.369648508,211.27982,202.63913,198.60297,0.792704,1.8604176,5149.505063,41.3673855975,38
7/15/2025 1:18:49 AM,211.2,70.19239731,211.27982,202.63913,198.5703455,0.792704,1.8604176,5256.7559066,41.71357948,38
7/15/2025 1:18:51 AM,211.2,70.70889742,211.27982,202.63913,198.53197,0.792704,1.8604176,5341.3861652,41.446417372,38
7/15/2025 1:18:53 AM,211.2,70.814463645,211.29609593,202.63913,198.53197,0.792704,1.8604176,5379.1226,41.536608535,38
7/15/2025 1:18:55 AM,211.2,70.82076,211.3082,202.63913,198.53197,0.792704,1.8604176,5375.5479156,41.5453639,38
7/15/2025 1:18:57 AM,211.2,70.646380825,211.3082,202.63913,198.522990645,0.792704,1.967146859,5353.2428272,41.368387677,38
7/15/2025 1:18:59 AM,211.2,70.835863465,211.3619168,202.63913,198.5123,0.8816999488,1.9760506,5328.505336,40.842023443,38
7/15/2025 1:19:01 AM,211.2,70.93683515,211.40244,202.62258446,198.5123,0.8925312,1.9760506,5353.890685,40.226592548,38
7/15/2025 1:19:03 AM,211.2,71.1371267,211.40244,202.62021,198.5123,0.8925312,1.9760506,5378.9766896,40.101726692,38
7/15/2025 1:19:05 AM,211.2,70.9247985425,211.40244,202.62021,198.5123,0.8925312,1.9760506,5388.1739478,40.318182416,38
7/15/2025 1:19:07 AM,211.2,70.890495,211.40244,202.62021,198.5123,0.8925312,1.9760506,5392.1611925,40.481514,38
7/15/2025 1:19:09 AM,211.2,70.6785533275,211.40244,202.62021,198.5123,0.8925312,1.9760506,5389.243108,40.52095661,38
7/15/2025 1:19:11 AM,211.2,70.65274007,211.40244,202.62021,198.5123,0.8925312,1.9760506,5386.93682645,41.037683944,38
7/15/2025 1:19:13 AM,211.2,70.43313048,211.40244,202.69694524,198.5123,0.8925312,1.9760506,5363.6460855,41.194077,38
7/15/2025 1:19:15 AM,211.2,70.367455125,211.40244,202.70923,198.5123,0.8925312,2.0212819529,5380.32339965,41.2366932165,38
7/15/2025 1:19:17 AM,211.2,70.072457805,211.61966738,202.70923,198.600309615,0.8925312,2.0255108,5382.333245,41.790869617,38
7/15/2025 1:19:19 AM,211.2,70.0141176175,211.79,202.70923,198.70941,0.8925312,2.0255108,5372.7372725,41.7806641475,38
7/15/2025 1:19:21 AM,211.2,68.982185,211.79,202.70923,198.70941,0.92451459735,2.0255108,5318.7464928,41.47302989,37.061
7/15/2025 1:19:23 AM,211.2,67.3596656,211.79,202.70923,198.70941,0.9290211,2.0105991362,5207.1865535,41.01152521,37
7/15/2025 1:19:25 AM,211.2,66.585922695,211.920392995,202.70923,198.70941,0.9290211,2.0091782,5119.0729666,40.858656877,37
7/15/2025 1:19:27 AM,211.2,65.894409988,212.02347,202.70923,198.77377179,0.9290211,2.0091782,5067.1127195,40.907903784,37
7/15/2025 1:19:29 AM,211.2,65.515849468,212.06795661,202.87073918,198.85602,0.9290211,2.0091782,5032.47324325,40.768131445,37
7/15/2025 1:19:31 AM,211.2,65.3864461,212.10341,202.89725,198.85602,0.9290211,2.0091782,5020.70259715,40.80858,37
7/15/2025 1:19:33 AM,211.2,65.3731,212.10341,202.89725,198.85602,0.9290211,2.0091782,5013.9469002,40.820451979,37
7/15/2025 1:19:35 AM,211.2,65.3731,212.13256229,202.949991575,198.85602,0.9290211,2.0091782,5021.375912,40.987106,37
7/15/2025 1:19:37 AM,211.2,65.3731,212.15627,202.9589,198.88031475,0.9290211,1.929232886,5035.1311829,40.9777931445,37
7/15/2025 1:19:39 AM,211.2,65.3137432,212.15627,202.9589,198.91187,0.855074867075,1.9211327,5051.659624,40.8571097685,37
7/15/2025 1:19:41 AM,211.2,65.3044,212.14727792,202.9589,198.91187,0.84407425,1.9211327,5050.1793369,41.0262046255,37
7/15/2025 1:19:43 AM,211.2,65.3044,212.13998,202.9589,198.91187,0.84407425,1.9211327,5043.9883575,40.969936872,37
7/15/2025 1:19:45 AM,211.2,65.34309858,212.13998,202.9589,198.91187,0.84407425,1.9211327,5039.5730908,41.1323032115,37
7/15/2025 1:19:47 AM,211.2,65.34932,212.13998,202.9589,198.91187,0.84407425,1.9211327,5035.8631311,41.05419106,37
7/15/2025 1:19:49 AM,211.2,65.31187511,212.13998,202.9589,198.91187,0.84407425,1.9211327,5023.63427975,41.0614182775,37
7/15/2025 1:19:51 AM,211.2,65.30583,212.13998,202.9589,198.91187,0.84407425,1.9211327,5023.62934525,41.178373662,37
7/15/2025 1:19:53 AM,211.2,65.3374049,212.05318145,202.9589,198.91187,0.84407425,1.9211327,5013.271557,41.058200402,37
7/15/2025 1:19:55 AM,211.2,65.342545,211.98013,202.9589,198.91187,0.84407425,1.9211327,4993.0331785,40.57057966,37
7/15/2025 1:19:57 AM,211.2,65.3064417025,211.98013,202.9589,198.91187,0.84407425,1.9211327,4989.1442596,40.52053606,37
7/15/2025 1:19:59 AM,211.2,65.30054,211.98013,202.9589,198.8813787,0.84407425,1.9211327,4994.31356335,40.88755994,37
7/15/2025 1:20:01 AM,211.2,65.30054,211.98013,202.9589,198.82938558,0.84407425,1.9211327,5003.4181275,41.048284799,37
7/15/2025 1:20:03 AM,211.2,65.30054,211.90286012,202.951367545,198.81796468,0.84407425,1.9211327,5003.87984215,40.9236011285,37
7/15/2025 1:20:05 AM,211.2,65.32066236,211.83717,202.94997,198.82329,0.84407425,1.9211327,5014.0776114,40.751090148,37
7/15/2025 1:20:07 AM,211.2,65.32402,211.83717,202.94997,198.82329,0.84407425,1.9211327,5022.9340488,40.866689876,37
7/15/2025 1:20:09 AM,211.2,65.32402,211.83717,202.94997,198.82329,0.84407425,1.9211327,5016.3657773,41.178495113,37
7/15/2025 1:20:11 AM,211.2,65.32402,211.83717,202.90550514,198.80827192,0.84407425,1.9211327,5038.1275651,41.3753409585,37
7/15/2025 1:20:13 AM,211.2,65.32340692,211.83717,202.89713,198.78787,0.84407425,1.9211327,5029.886176,41.499261155,37
7/15/2025 1:20:15 AM,211.2,65.3345610875,211.83717,202.89713,198.78787,0.84407425,1.9211327,5021.1708054,41.2969100075,37
7/15/2025 1:20:17 AM,211.2,65.336525,211.755498605,202.89713,198.78787,0.84407425,1.9211327,5019.924632,41.3422703525,37
7/15/2025 1:20:19 AM,211.2,65.336525,211.68494,202.89713,198.78787,0.84407425,1.9211327,5030.5027395,41.09417689,37
7/15/2025 1:20:21 AM,211.2,65.2578494975,211.68494,202.89713,198.78787,0.84407425,1.87512074465,5033.511793,40.71377054,37
7/15/2025 1:20:23 AM,211.2,65.1955085825,211.68494,202.89713,198.7880111,0.807900249135,1.8691124,5009.319478,40.768883495,37
7/15/2025 1:20:25 AM,211.2,65.186165,211.639823755,202.8793099,198.78821,0.80134064,1.8691124,4996.5569875,41.140171244,37
7/15/2025 1:20:27 AM,211.2,65.186165,211.58905,202.87566,198.78821,0.80134064,1.8691124,5012.542848,41.401646253,37
7/15/2025 1:20:29 AM,211.2,65.14152055,211.58905,202.87566,198.78821,0.80134064,1.8691124,5024.0364885,41.3104556215,37
7/15/2025 1:20:31 AM,211.2,65.13289,211.58905,202.87566,198.78821,0.80134064,1.8691124,5020.74881645,40.7676212395,37
7/15/2025 1:20:33 AM,211.2,65.13289,211.576918305,202.87566,198.76933751,0.80134064,1.8691124,5010.4686098,40.598109092,37
7/15/2025 1:20:35 AM,211.2,65.13289,211.56332,202.87566,198.74138,0.80134064,1.8691124,5011.0499131,40.582470508,37
7/15/2025 1:20:37 AM,211.2,65.05455468,211.56332,202.87566,198.74138,0.80134064,1.8691124,5015.143649,40.746255686,37
7/15/2025 1:20:39 AM,211.2,65.03885,211.56332,202.87566,198.74138,0.80134064,1.8691124,5003.43807,40.8287446505,37
7/15/2025 1:20:41 AM,211.2,65.03885,211.56332,202.87566,198.735160765,0.80134064,1.8691124,5009.66942855,41.06929427,37
7/15/2025 1:20:43 AM,211.2,65.03885,211.53252602,202.87566,198.72589,0.80134064,1.8691124,5003.4423431,40.7802360945,37
7/15/2025 1:20:45 AM,211.2,64.971773837,211.49738,202.87566,198.731709265,0.80134064,1.8691124,5004.5005712,40.876303212,37
7/15/2025 1:20:47 AM,211.2,64.958084,211.49738,202.87566,198.74042,0.80134064,1.8691124,5006.6786928,41.088166051,37
7/15/2025 1:20:49 AM,211.2,64.9696397645,211.49738,202.87566,198.74042,0.80134064,1.8691124,5000.280452,41.135294785,37
7/15/2025 1:20:51 AM,211.2,64.972015,211.49738,202.87566,198.74042,0.80134064,1.8691124,5000.914194,41.11821055,37
7/15/2025 1:20:53 AM,211.2,64.923746475,211.49738,202.87566,198.74042,0.80134064,1.8691124,4987.7710455,41.22519709,37
7/15/2025 1:20:55 AM,211.2,64.91379,211.49738,202.87566,198.74042,0.80134064,1.8691124,4970.488857,41.363735032,37
7/15/2025 1:20:57 AM,211.2,64.92011775,211.49151379,202.87566,198.74042,0.80134064,1.8691124,4970.6946265,41.162566906,37
7/15/2025 1:20:59 AM,211.2,64.899163245,211.48471,202.87566,198.7317347,0.80134064,1.8691124,4968.7535216,40.6343052115,37
7/15/2025 1:21:01 AM,211.2,64.89445,211.48471,202.87566,198.7074812,0.80134064,1.8691124,4986.5935942,40.787086,37
7/15/2025 1:21:03 AM,211.2,64.91073636,211.48471,202.87566,198.69067,0.80134064,1.8691124,4992.2115942,40.807578553,37
7/15/2025 1:21:05 AM,211.2,64.914215,211.48471,202.87566,198.69067,0.80134064,1.8691124,4992.3877907,41.268802079,37
7/15/2025 1:21:07 AM,211.2,64.914215,211.48471,202.87566,198.69067,0.80134064,1.8691124,4987.0397425,41.380353914,37
7/15/2025 1:21:09 AM,211.2,64.8833471375,211.48471,202.87566,198.684535195,0.80134064,1.8691124,4980.6045375,41.308036643,37
7/15/2025 1:21:11 AM,211.2,64.87664,211.471094,202.73950384,198.675,0.80134064,1.8691124,4970.516412,41.198693943,37
7/15/2025 1:21:13 AM,211.2,64.87664,211.45511,202.70798,198.675,0.80134064,1.8691124,4964.0149231,41.3118406885,37
7/15/2025 1:21:15 AM,211.2,64.87664,211.46267432,202.70798,198.675,0.80134064,1.8691124,4950.0403144,41.18332336,37
7/15/2025 1:21:17 AM,211.2,64.887174825,211.47159,202.70798,198.675,0.80134064,1.8691124,4937.5712135,40.9144764335,37
7/15/2025 1:21:19 AM,211.2,64.88959,211.47159,202.70798,198.675,0.80134064,1.8691124,4936.014844,40.788473529,37
7/15/2025 1:21:21 AM,211.2,64.86948875,211.47159,202.70798,198.675,0.80134064,1.8691124,4954.9256963,40.416620715,37
7/15/2025 1:21:23 AM,211.2,64.86485,211.47159,202.70798,198.64253992,0.80134064,1.8691124,4950.528735,40.567645774,37
7/15/2025 1:21:25 AM,211.2,64.88819869,211.47159,202.67581591,198.59134,0.80134064,1.8691124,4954.5262552,40.933507217,37
7/15/2025 1:21:27 AM,211.2,64.89364,211.47159,202.6678,198.59134,0.80134064,1.8691124,4963.3449176,40.7958976575,37
7/15/2025 1:21:29 AM,211.2,64.89364,211.47159,202.6678,198.59481004,0.80134064,1.8691124,4966.1123787,40.86851935,37
7/15/2025 1:21:31 AM,211.2,64.89364,211.47159,202.6678,198.60052,0.80134064,1.8691124,4966.7776638,40.798123618,37
7/15/2025 1:21:33 AM,211.2,64.951248877,211.47159,202.6678,198.60052,0.80134064,1.8691124,4962.471064,40.898155447,37
7/15/2025 1:21:35 AM,211.2,64.964806,211.47159,202.6678,198.60052,0.80134064,1.8691124,4972.022053,40.955899028,37
7/15/2025 1:21:37 AM,211.2,64.954155679,211.47159,202.6678,198.60052,0.80134064,1.8691124,4981.211277,41.1838334625,37
7/15/2025 1:21:39 AM,211.2,64.951584,211.47159,202.6678,198.585316005,0.80134064,1.8691124,4978.230328,41.293971556,37
7/15/2025 1:21:41 AM,211.2,64.98191318,211.47159,202.6678,198.56003,0.80134064,1.8691124,4956.7818415,41.242066981,37
7/15/2025 1:21:43 AM,211.2,64.984495245,211.47159,202.6678,198.56003,0.80134064,1.8691124,4935.328981,41.3314775855,37
7/15/2025 1:21:45 AM,211.2,65.01248098,211.47159,202.6678,198.56003,0.80134064,1.8691124,4937.508402,41.192236719,37
7/15/2025 1:21:47 AM,211.2,65.45913657,211.47159,202.6678,198.56003,0.80134064,1.8691124,4956.95271175,41.3507785605,37
7/15/2025 1:21:49 AM,211.2,66.30575862,211.3896585,202.6678,198.54594236,0.80134064,1.8565045792,5000.2255525,41.0838331235,37
7/15/2025 1:21:51 AM,211.2,66.5330391225,211.28952,202.6678,198.52216,0.795354966365,1.8540852,5050.17614845,40.77503956,37.867
7/15/2025 1:21:53 AM,211.2,68.912399664,211.28952,202.6678,198.52216,0.79391885,1.8540852,5139.276558,40.7497671435,38
7/15/2025 1:21:55 AM,211.2,70.119848896,211.28952,202.6678,198.52216,0.79391885,1.8540852,5238.818448,41.05989639,38
7/15/2025 1:21:57 AM,211.2,70.28674512,211.2563841,202.6678,198.512819695,0.79391885,1.8540852,5309.411461,41.1068591325,38
7/15/2025 1:21:59 AM,211.2,70.29014,211.21317,202.6678,198.503907685,0.79391885,1.8540852,5329.5000325,40.965625565,38
7/15/2025 1:22:01 AM,211.2,70.379115155,211.21397538,202.6678,198.50806472,0.79391885,1.8540852,5334.0466552,40.399720864,38
7/15/2025 1:22:03 AM,211.2,70.40227,211.21503,202.6678,198.4947,0.79391885,1.95017366,5334.59909915,40.341396145,38
7/15/2025 1:22:05 AM,211.2,70.40227,211.21503,202.6678,198.50125872,0.86924559137,1.9691612,5328.773625,40.413826,38
7/15/2025 1:22:07 AM,211.2,70.4491723,211.26538373,202.613122,198.504399905,0.88849103,1.9691612,5345.2343475,40.432446066,38
7/15/2025 1:22:09 AM,211.2,70.46164,211.33186,202.5977,198.49013,0.88849103,1.9691612,5362.7531786,41.11543455,38
7/15/2025 1:22:11 AM,211.2,70.46759695,211.33186,202.5977,198.49013,0.88849103,1.9691612,5368.5392865,41.079874174,38
7/15/2025 1:22:13 AM,211.2,70.48814928,211.33186,202.5977,198.49013,0.88849103,1.9691612,5337.9959207,41.200215833,38
7/15/2025 1:22:15 AM,211.2,70.49325,211.43028716,202.5977,198.49013,0.88849103,1.9691612,5327.6140022,41.17621,38
7/15/2025 1:22:17 AM,211.2,70.49325,211.56183,202.5977,198.53425056,0.88849103,1.9691612,5336.1259272,41.1822888155,38
7/15/2025 1:22:19 AM,211.2,70.508282231,211.56183,202.6664852,198.61201,0.88849103,1.9691612,5344.0854452,41.433146474,38
7/15/2025 1:22:21 AM,211.2,70.43800372,211.56183,202.6868,198.61201,0.88849103,1.9691612,5348.9036146,41.356079734,38
7/15/2025 1:22:23 AM,211.2,70.28222381,211.56183,202.6868,198.6531797,0.88849103,1.9691612,5342.81675515,41.359883192,38
7/15/2025 1:22:25 AM,211.2,68.6466678,211.56183,202.6868,198.72717,0.9117259586,2.0066684208,5283.12692415,41.2695772785,37.15
7/15/2025 1:22:27 AM,211.2,67.2399190775,211.56183,202.756157,198.72717,0.9182794,2.014846,5165.6610415,41.132177011,37
7/15/2025 1:22:29 AM,211.2,66.52790504,211.69560375,202.77776,198.72717,0.9182794,2.014846,5071.5350516,41.105237686,37
7/15/2025 1:22:31 AM,211.2,65.911858,211.87808,202.77776,198.72717,0.9182794,2.014846,5031.3782184,41.1615543,37
7/15/2025 1:22:33 AM,211.2,65.5443166,211.87808,202.77776,198.72717,0.9182794,2.014846,5010.0464639,40.9594414855,37
7/15/2025 1:22:35 AM,211.2,65.478874,211.87808,202.77776,198.72717,0.9182794,2.014846,4998.8743546,40.923195511,37
7/15/2025 1:22:37 AM,211.2,65.415088272,211.92758904,202.77776,198.77463656,0.9182794,2.014846,4991.9730885,40.942434712,37
7/15/2025 1:22:39 AM,211.2,65.39625,211.9954,202.77776,198.86221,0.9182794,2.014846,4997.120885,41.19259485,37
7/15/2025 1:22:41 AM,211.2,65.39625,211.9954,202.77776,198.86221,0.9182794,1.92986466455,5014.684568,40.974894001,37
7/15/2025 1:22:43 AM,211.2,65.383147075,212.00309515,202.87240962,198.86221,0.8545510855,1.9110203,5004.300443,40.647428283,37
7/15/2025 1:22:45 AM,211.2,65.40308498,212.0137,202.90329,198.86221,0.8357832,1.9110203,5002.073244,40.39673336,37
7/15/2025 1:22:47 AM,211.2,65.392781255,212.0137,202.90329,198.8783336,0.8357832,1.9110203,4999.702072,40.6766076015,37
7/15/2025 1:22:49 AM,211.2,65.38751,212.0137,202.90329,198.90881,0.8357832,1.9110203,4995.2108256,40.79161,37
7/15/2025 1:22:51 AM,211.2,65.38366719,212.0137,202.90329,198.90881,0.8357832,1.9110203,5003.4980792,40.79206297,37
7/15/2025 1:22:53 AM,211.2,65.38249,212.0137,202.90329,198.90412472,0.8357832,1.9110203,5003.225945,40.826040025,37
7/15/2025 1:22:55 AM,211.2,65.38038136,211.96324322,202.90329,198.89519,0.8357832,1.9110203,4995.47194325,41.105811035,37
7/15/2025 1:22:57 AM,211.2,65.37973,211.89299,202.90329,198.8918988,0.8357832,1.9110203,4994.238777,41.22991889,37
7/15/2025 1:22:59 AM,211.2,65.39823275,211.89299,202.90329,198.89467656,0.8357832,1.9110203,5004.6312528,41.031148595,37
7/15/2025 1:23:01 AM,211.2,65.40398,211.89299,202.90329,198.902706415,0.8357832,1.9110203,5007.25461435,41.19475749,37
7/15/2025 1:23:03 AM,211.2,65.40398,211.89299,202.90329,198.8834,0.8357832,1.9110203,5009.6859159,41.187419273,37
7/15/2025 1:23:05 AM,211.2,65.40398,211.89299,202.897631655,198.8804975,0.8357832,1.9110203,4998.4031699,41.345975768,37
7/15/2025 1:23:07 AM,211.2,65.40398,211.89299,202.8957,198.8748,0.8357832,1.9110203,4991.49237825,41.578797104,37
7/15/2025 1:23:09 AM,211.2,65.38009542,211.89299,202.8957,198.862678385,0.8357832,1.9110203,4991.6581015,41.30878459,37
7/15/2025 1:23:11 AM,211.2,65.37247,211.89299,202.8957,198.83867,0.8357832,1.9110203,4996.7818,41.197140732,37
7/15/2025 1:23:13 AM,211.2,65.3542292,211.89299,202.8957,198.83867,0.8357832,1.9110203,5003.2786085,41.14168041,37
7/15/2025 1:23:15 AM,211.2,65.371541625,211.89299,202.8957,198.83867,0.8357832,1.9110203,5014.559265,40.9607502895,37
7/15/2025 1:23:17 AM,211.2,65.37906,211.79329373,202.8957,198.83867,0.8357832,1.9110203,5019.4827164,40.814520596,37
7/15/2025 1:23:19 AM,211.2,65.37906,211.65042,202.8957,198.83867,0.8357832,1.9110203,5011.40504505,40.60816008,37
7/15/2025 1:23:21 AM,211.2,65.37906,211.65042,202.84907316,198.83867,0.8357832,1.9110203,5009.7315346,40.352781495,37
7/15/2025 1:23:23 AM,211.2,65.38395775,211.65042,202.83252,198.82944503,0.8357832,1.9110203,5000.6521699,40.3606859135,37
7/15/2025 1:23:25 AM,211.2,65.38556,211.65042,202.81639116,198.8108,0.8357832,1.9110203,4998.1123064,40.528558706,37
7/15/2025 1:23:27 AM,211.2,65.38556,211.65042,202.81068,198.8108,0.8357832,1.9110203,5000.4471893,40.7428889405,37
7/15/2025 1:23:29 AM,211.2,65.38556,211.6100108,202.81068,198.8108,0.8357832,1.9110203,5002.909319,40.999304085,37
7/15/2025 1:23:31 AM,211.2,65.38556,211.55162,202.81068,198.8108,0.8357832,1.878966917,5002.44607715,41.405171825,37
7/15/2025 1:23:33 AM,211.2,65.376066175,211.55162,202.81068,198.8108,0.81028423196,1.8706508,5004.242225,41.521650408,37
7/15/2025 1:23:35 AM,211.2,65.37291,211.55162,202.81068,198.8108,0.80196494,1.8706508,5006.464856,41.7621237745,37
7/15/2025 1:23:37 AM,211.2,65.37291,211.55162,202.81068,198.8108,0.80196494,1.8706508,5024.4441985,41.6437978575,37
7/15/2025 1:23:39 AM,211.2,65.37291,211.55162,202.81068,198.8108,0.80196494,1.8706508,5029.6150516,41.14663471,37
7/15/2025 1:23:41 AM,211.2,65.37291,211.55162,202.81068,198.78409332,0.80196494,1.8706508,5024.24446185,40.77209997,37
7/15/2025 1:23:43 AM,211.2,65.37291,211.55162,202.81068,198.72708,0.80196494,1.8706508,5012.34305615,40.702225,37
7/15/2025 1:23:45 AM,211.2,65.37291,211.55162,202.81068,198.72898834,0.80196494,1.8706508,4998.30264,40.702225,37
7/15/2025 1:23:47 AM,211.2,65.37291,211.55162,202.81068,198.7331,0.80196494,1.8706508,4985.4900539,41.03029,37
7/15/2025 1:23:49 AM,211.2,65.386972095,211.55162,202.81068,198.7331,0.80196494,1.8706508,4979.9885622,41.1755403385,37
7/15/2025 1:23:51 AM,211.2,65.3919,211.55162,202.81068,198.7331,0.80196494,1.8706508,4982.74544045,41.1119934505,37
7/15/2025 1:23:53 AM,211.2,65.3919,211.55162,202.81068,198.7331,0.80196494,1.8706508,4981.336268,40.861428118,37
7/15/2025 1:23:55 AM,211.2,65.3919,211.54587052,202.81068,198.7331,0.80196494,1.8706508,4986.0626245,40.9200167955,37
7/15/2025 1:23:57 AM,211.2,65.395457295,211.5373,202.81068,198.7331,0.80196494,1.8706508,5000.96383645,40.762556836,37
7/15/2025 1:23:59 AM,211.2,65.39673,211.5373,202.81068,198.7331,0.80196494,1.8706508,4989.3179184,40.562428268,37
7/15/2025 1:24:01 AM,211.2,65.4019924,211.5373,202.81068,198.7331,0.80196494,1.8706508,4985.9792828,40.594459995,37
7/15/2025 1:24:03 AM,211.2,65.40388,211.5373,202.81068,198.7331,0.80196494,1.8706508,4992.4688213,40.79708562,37
7/15/2025 1:24:05 AM,211.2,65.42672761,211.5373,202.81068,198.7331,0.80196494,1.8706508,5002.71679435,40.815009045,37
7/15/2025 1:24:07 AM,211.2,65.43505,211.52298064,202.77127161,198.7331,0.80196494,1.8706508,5006.4081718,41.143104705,37
7/15/2025 1:24:09 AM,211.2,65.43505,211.50114,202.75587,198.7331,0.80196494,1.8706508,5005.44170735,41.047272414,37
7/15/2025 1:24:11 AM,211.2,65.403455875,211.50114,202.75587,198.7331,0.80196494,1.8706508,5000.747598,41.0126059565,37
7/15/2025 1:24:13 AM,211.2,65.3918,211.50114,202.742511615,198.70962823,0.80196494,1.8706508,4995.905211,40.944011384,37
7/15/2025 1:24:15 AM,211.2,65.316224834,211.50114,202.7372,198.65652,0.80196494,1.8706508,4981.296714,40.96793022,37
7/15/2025 1:24:17 AM,211.2,65.288414,211.50114,202.7372,198.65652,0.80196494,1.8706508,4971.312905,41.3717152025,37
7/15/2025 1:24:19 AM,211.2,65.288414,211.50114,202.7372,198.65652,0.80196494,1.8706508,4987.084205,41.28863688,37
7/15/2025 1:24:21 AM,211.2,65.288414,211.50114,202.7372,198.65652,0.80196494,1.8706508,5009.7797845,41.4902848555,37
7/15/2025 1:24:23 AM,211.2,65.179782752,211.50114,202.7372,198.665761575,0.80196494,1.8706508,5021.82914755,41.313753748,37
7/15/2025 1:24:25 AM,211.2,65.13899,211.50114,202.7372,198.68687,0.80196494,1.8706508,5018.9392684,41.278389622,37
7/15/2025 1:24:27 AM,211.2,65.13899,211.47267501,202.722934425,198.68687,0.80196494,1.8706508,5011.596887,41.14869892,37
7/15/2025 1:24:29 AM,211.2,65.13899,211.42871,202.71715,198.68687,0.80196494,1.8706508,5002.0946414,41.38806397,37
7/15/2025 1:24:31 AM,211.2,64.971536315,211.42871,202.71715,198.68687,0.80196494,1.8706508,4994.64810185,41.3297228725,37
7/15/2025 1:24:33 AM,211.2,64.90786,211.42871,202.71715,198.68687,0.80196494,1.8706508,4977.96360135,40.7313266485,37
7/15/2025 1:24:35 AM,211.2,64.90786,211.42871,202.71715,198.6877284,0.80196494,1.8706508,4965.1642,40.291910514,37
7/15/2025 1:24:37 AM,211.2,64.73603182,211.42871,202.71715,198.68977,0.80196494,1.8706508,4956.4066821,40.16564774,37
7/15/2025 1:24:39 AM,211.2,64.6702,211.42871,202.71715,198.68977,0.78885518891,1.8506266103,4941.3893669,40.167874211,37
7/15/2025 1:24:41 AM,211.2,64.6702,211.4104112,202.71715,198.68977,0.78393227,1.8445946,4928.90398295,40.272133875,37
7/15/2025 1:24:43 AM,211.2,64.4387416,211.38191,202.71715,198.689467695,0.78393227,1.8445946,4931.19122035,40.859718169,37
7/15/2025 1:24:45 AM,211.2,64.26564236,211.38191,202.71715,198.68874,0.78393227,1.8445946,4936.746002,41.3309557125,37
7/15/2025 1:24:47 AM,211.2,64.23317,211.38191,202.71715,198.68874,0.78393227,1.8445946,4937.1897056,41.336823,37
7/15/2025 1:24:49 AM,211.2,64.23317,211.34834289,202.71715,198.68874,0.78393227,1.8445946,4928.991812,42.02778715,37
7/15/2025 1:24:51 AM,211.2,64.072719125,211.29573,202.71715,198.68874,0.78393227,1.8445946,4934.769216,41.7854183,37
7/15/2025 1:24:53 AM,211.2,64.00892,211.29573,202.71715,198.68874,0.78393227,1.8445946,4925.467806,41.498595289,37
7/15/2025 1:24:55 AM,211.2,64.00892,211.29573,202.71715,198.68874,0.78393227,1.8445946,4925.6766643,41.153863327,37
7/15/2025 1:24:57 AM,211.2,64.00892,211.29573,202.6645101,198.68874,0.78393227,1.8445946,4929.335869,40.98443384,37
7/15/2025 1:24:59 AM,211.2,64.00892,211.29573,202.6413,198.66572592,0.78393227,1.8445946,4932.74607155,40.905779117,37
7/15/2025 1:25:01 AM,211.2,64.00892,211.29573,202.6413,198.61351,0.78393227,1.8445946,4940.45166215,40.786502051,37
7/15/2025 1:25:03 AM,211.2,64.00892,211.29573,202.6413,198.62508,0.78393227,1.8445946,4943.740802,41.017104245,37
7/15/2025 1:25:05 AM,211.2,64.28365875,211.29573,202.6413,198.62508,0.78393227,1.8445946,4948.1535384,39.949020858,37
7/15/2025 1:25:07 AM,211.2,64.45872234,211.29573,202.6413,198.62508,0.78393227,1.8281462186,4961.28300895,39.92822962,37
7/15/2025 1:25:09 AM,211.2,66.688888084,211.29573,202.6413,198.62508,0.774926159775,1.8227508,5010.11182595,40.2006323,37.7875
7/15/2025 1:25:11 AM,211.2,68.911035379,211.29573,202.59263856,198.62508,0.7713802,1.8227508,5136.08075545,40.206192,38
7/15/2025 1:25:13 AM,211.2,69.67072675,211.29573,202.57098,198.62508,0.7713802,1.8227508,5233.26923305,41.040468074,38
7/15/2025 1:25:15 AM,211.2,69.76026,211.2118202,202.57098,198.62508,0.7713802,1.8227508,5278.9534169,41.05706,38
7/15/2025 1:25:17 AM,211.2,69.76026,211.07693,202.54983689,198.612701535,0.7713802,1.8227508,5306.20732945,41.863709594,38
7/15/2025 1:25:19 AM,211.2,69.76026,211.07693,202.54036,198.58095,0.7713802,1.8227508,5322.3497918,41.737827916,38
7/15/2025 1:25:21 AM,211.2,69.76026,211.101917435,202.54036,198.58095,0.8396729401,1.9182714748,5330.112712,41.25562978,38
7/15/2025 1:25:23 AM,211.2,69.76026,211.1426,202.54036,198.58095,0.8677708,1.9507946,5318.12164,41.017341872,38
7/15/2025 1:25:25 AM,211.2,69.76026,211.1426,202.54036,198.58810077,0.8677708,1.9507946,5302.9071908,41.011986,38
7/15/2025 1:25:27 AM,211.2,70.18084536,211.1426,202.54036,198.60658,0.8677708,1.9507946,5322.25514075,41.036081488,38
7/15/2025 1:25:29 AM,211.2,70.369804,211.1426,202.54036,198.60658,0.8677708,1.9507946,5345.045379,40.865618288,38
7/15/2025 1:25:31 AM,211.2,70.437769394,211.1426,202.55669905,198.62612397,0.8677708,1.9507946,5347.41109275,40.592586464,38
7/15/2025 1:25:33 AM,211.2,70.468376,211.1426,202.56493,198.67692936,0.8677708,1.9507946,5347.6101095,40.449800102,38
7/15/2025 1:25:35 AM,211.2,70.5359171615,211.26330102,202.58284582,198.6852635,0.8677708,1.9507946,5346.4820309,40.5869836925,38
7/15/2025 1:25:37 AM,211.2,70.622091085,211.46533,202.59169,198.71132,0.8677708,1.9507946,5340.27701395,41.043350825,38
7/15/2025 1:25:39 AM,211.2,70.656057438,211.46533,202.62933068,198.71132,0.8677708,1.9507946,5340.0693355,41.157510564,38
7/15/2025 1:25:41 AM,211.2,70.660034,211.53136792,202.64825,198.71132,0.8677708,1.9507946,5353.370784,41.292719933,38
7/15/2025 1:25:43 AM,211.2,70.6261456,211.64357,202.64825,198.71132,0.8677708,1.9507946,5355.468598,41.172533156,38
7/15/2025 1:25:45 AM,211.2,70.610634,211.64357,202.68023122,198.72938624,0.8677708,1.9507946,5352.4021586,41.293128256,38
7/15/2025 1:25:47 AM,211.2,70.6572220435,211.64357,202.69656,198.77774,0.8677708,1.9507946,5342.2579323,41.094067408,38
7/15/2025 1:25:49 AM,211.2,70.67507062,211.64357,202.7363712,198.77774,0.8677708,1.9507946,5340.6525224,41.020130973,38
7/15/2025 1:25:51 AM,211.2,70.40485948,211.64357,202.75688,198.77774,0.8677708,2.0147813584,5347.9223364,41.0016749,38
7/15/2025 1:25:53 AM,211.2,68.8376826,211.73233598,202.75688,198.77774,0.9134783021,2.0373802,5300.3281454,41.137995465,37.229
7/15/2025 1:25:55 AM,211.2,67.319756624,211.8861,202.75688,198.77774,0.9341097,2.0373802,5193.88065835,41.100513544,37
7/15/2025 1:25:57 AM,211.2,66.553638979,211.8861,202.75688,198.77774,0.9341097,2.0373802,5102.3025405,40.9274181225,37
7/15/2025 1:25:59 AM,211.2,65.9254101625,211.8861,202.75688,198.81745516,0.9341097,2.0373802,5046.154896,41.0251217,37
7/15/2025 1:26:01 AM,211.2,65.55424297,211.8861,202.75688,198.92538,0.9341097,2.0373802,5023.9585496,41.0752821225,37
7/15/2025 1:26:03 AM,211.2,65.424795105,211.8861,202.75688,198.9350085,0.9341097,2.0373802,5000.112512,40.946296747,37
7/15/2025 1:26:05 AM,211.2,65.323757924,211.95914169,202.75688,198.96213,0.9341097,2.0373802,4990.90298195,40.848026317,37
7/15/2025 1:26:07 AM,211.2,65.288414,212.08704,202.86807725,198.965145095,0.9341097,2.0373802,4995.4102072,40.860171088,37
7/15/2025 1:26:09 AM,211.2,65.288414,212.08704,202.92613,198.97366,0.9341097,1.95940766315,5006.12254165,41.060457264,37
7/15/2025 1:26:11 AM,211.2,65.288414,212.084837345,202.92613,198.978351605,0.9341097,1.9312229,5012.3097722,41.0893404055,37
7/15/2025 1:26:13 AM,211.2,65.2039482135,212.08093,202.92613,198.99167,0.8715575548,1.9312229,5009.53107425,41.410613875,37
7/15/2025 1:26:15 AM,211.2,65.125847135,212.08093,202.95349336,198.99167,0.8425253,1.9312229,5008.9846988,41.299386252,37
7/15/2025 1:26:17 AM,211.2,65.10768,212.08093,202.96797,198.99167,0.8425253,1.9312229,5023.33036155,41.010365361,37
7/15/2025 1:26:19 AM,211.2,65.10768,212.08093,202.96797,198.99167,0.8425253,1.9312229,5020.7976315,41.047540051,37
7/15/2025 1:26:21 AM,211.2,65.10768,212.08093,202.96797,198.99167,0.8425253,1.9312229,5011.18854225,41.0059418765,37
7/15/2025 1:26:23 AM,211.2,65.05747348,212.08093,202.96797,198.99167,0.8425253,1.9312229,4995.2778415,41.044881575,37
7/15/2025 1:26:25 AM,211.2,65.04167072,212.08093,202.96797,198.99167,0.8425253,1.9312229,4982.0543875,40.647706718,37
7/15/2025 1:26:27 AM,211.2,65.019924523,212.08093,202.96797,198.97529135,0.8425253,1.9312229,4982.0556481,40.545840128,37
7/15/2025 1:26:29 AM,211.2,65.012320712,212.08093,202.96797,198.92744,0.8425253,1.9312229,4988.52002505,40.6089262155,37
7/15/2025 1:26:31 AM,211.2,64.99411884,212.08093,202.947584565,198.92744,0.8425253,1.9312229,4997.1324104,40.788209975,37
7/15/2025 1:26:33 AM,211.2,64.98428,211.97999398,202.93668,198.92744,0.8425253,1.9312229,4987.97243205,40.91384516,37
7/15/2025 1:26:35 AM,211.2,64.97529575,211.7958,202.93668,198.92744,0.8425253,1.9312229,4975.80912375,40.918793,37
7/15/2025 1:26:37 AM,211.2,64.97097,211.7958,202.897667,198.92744,0.8425253,1.88864816465,4973.2907265,41.3726092025,37
7/15/2025 1:26:39 AM,211.2,64.97097,211.75912683,202.87666,198.92744,0.8425253,1.8724586,4955.20944,40.9020639435,37
7/15/2025 1:26:41 AM,211.2,64.97097,211.69191,202.87666,198.92744,0.8425253,1.8724586,4953.839795,40.9716748605,37
7/15/2025 1:26:43 AM,211.2,64.946151525,211.69191,202.87666,198.92744,0.8425253,1.8724586,4959.8348255,40.974453214,37
7/15/2025 1:26:45 AM,211.2,64.93412,211.69191,202.87666,198.92744,0.8425253,1.8724586,4956.1737398,40.925287592,37
7/15/2025 1:26:47 AM,211.2,64.93412,211.69191,202.87666,198.92744,0.8425253,1.8724586,4959.824516,40.843487824,37
7/15/2025 1:26:49 AM,211.2,64.93412,211.69191,202.84966216,198.92744,0.8425253,1.8724586,4969.9234585,41.136148202,37
7/15/2025 1:26:51 AM,211.2,64.90778996,211.69191,202.8349,198.88651114,0.8425253,1.8724586,4970.37268725,41.148804,37
7/15/2025 1:26:53 AM,211.2,64.89488,211.69191,202.8349,198.7614,0.8425253,1.8724586,4960.5037559,41.09984688,37
7/15/2025 1:26:55 AM,211.2,64.87899206,211.66090518,202.8349,198.7614,0.8425253,1.8724586,4969.8703031,41.427209028,37
7/15/2025 1:26:57 AM,211.2,64.87106,211.60243,202.8349,198.7614,0.8425253,1.8724586,4956.760684,41.442924,37
7/15/2025 1:26:59 AM,211.2,64.87106,211.60243,202.8349,198.7614,0.8425253,1.8724586,4941.07951945,40.870926512,37
7/15/2025 1:27:01 AM,211.2,64.87106,211.60243,202.8349,198.7614,0.8104791802,1.8724586,4952.0559251,40.4467902085,37
7/15/2025 1:27:03 AM,211.2,64.899605,211.60243,202.8349,198.75515087,0.7944441,1.8724586,4961.9753442,40.77949488,37
7/15/2025 1:27:05 AM,211.2,64.91431,211.59097824,202.8349,198.73547,0.7944441,1.8724586,4970.049052,41.0486819775,37
7/15/2025 1:27:07 AM,211.2,64.95957529,211.56914,202.8349,198.73547,0.7944441,1.8724586,4979.504626,41.151971187,37
7/15/2025 1:27:09 AM,211.2,64.98305,211.56914,202.8349,198.73547,0.7944441,1.8724586,4982.85168145,41.204112452,37
7/15/2025 1:27:11 AM,211.2,65.00778326,211.56914,202.8349,198.73547,0.7944441,1.8724586,4991.0007129,41.22118832,37
7/15/2025 1:27:13 AM,211.2,65.00851925,211.56914,202.8349,198.73547,0.7944441,1.8724586,4993.2035505,41.37620996,37
7/15/2025 1:27:15 AM,211.2,65.002235,211.548202975,202.8349,198.73547,0.7944441,1.8724586,4995.048494,40.913115,37
7/15/2025 1:27:17 AM,211.2,65.002235,211.50801,202.8349,198.73547,0.7944441,1.8724586,4988.1603775,40.8388551,37
7/15/2025 1:27:19 AM,211.2,65.002235,211.50801,202.8349,198.73547,0.7944441,1.8724586,4983.0361376,40.83635,37
7/15/2025 1:27:21 AM,211.2,65.002235,211.50801,202.8349,198.734323115,0.7944441,1.8724586,4988.98292885,41.0206738115,37
7/15/2025 1:27:23 AM,211.2,65.002235,211.50801,202.8349,198.7306,0.7944441,1.8724586,4994.5045974,40.867817633,37
7/15/2025 1:27:25 AM,211.2,65.0667693325,211.50801,202.74851835,198.7306,0.7944441,1.8724586,4994.88820725,40.5822711975,37
7/15/2025 1:27:27 AM,211.2,65.10129,211.49135493,202.69724,198.7306,0.7944441,1.8724586,5001.4183115,40.68706634,37
7/15/2025 1:27:29 AM,211.2,65.129889883,211.45888,202.69724,198.7306,0.7944441,1.8724586,5001.27845,40.705097124,37
7/15/2025 1:27:31 AM,211.2,65.1346701,211.45888,202.69724,198.7306,0.7944441,1.8724586,4999.7769048,40.847156244,37
7/15/2025 1:27:33 AM,211.2,65.12897,211.45888,202.69724,198.7306,0.7944441,1.8724586,4996.8070869,41.192117251,37
7/15/2025 1:27:35 AM,211.2,65.16717815,211.45888,202.69724,198.7306,0.7944441,1.8724586,5000.14151,41.150083568,37
7/15/2025 1:27:37 AM,211.2,65.18807,211.45888,202.69724,198.7306,0.7944441,1.8724586,5007.31064,41.328596007,37
7/15/2025 1:27:39 AM,211.2,65.18807,211.45888,202.68796976,198.7306,0.7944441,1.8724586,5005.9897285,41.097805944,37
7/15/2025 1:27:41 AM,211.2,65.18807,211.45888,202.68236,198.70570912,0.7944441,1.8724586,4994.86356525,41.206428354,37
7/15/2025 1:27:43 AM,211.2,65.18807,211.42437047,202.66866137,198.62308,0.7944441,1.8724586,4986.32889675,40.931252144,37
7/15/2025 1:27:45 AM,211.2,65.18807,211.35602,202.66014,198.62308,0.7944441,1.8724586,4993.77614925,41.20719476,37
7/15/2025 1:27:47 AM,211.2,65.1924815,211.35602,202.66014,198.62308,0.7944441,1.8724586,5003.41632925,41.10036714,37
7/15/2025 1:27:49 AM,211.2,65.19499,211.35602,202.66014,198.619032,0.7944441,1.8724586,5005.9165322,41.146067035,37
7/15/2025 1:27:51 AM,211.2,65.179130966,211.35602,202.66014,198.60548,0.7944441,1.8649381384,5010.95413055,41.302251419,37
7/15/2025 1:27:53 AM,211.2,65.170074,211.35602,202.66014,198.60548,0.7944441,1.8616222,5015.4086705,41.03433776,37
7/15/2025 1:27:55 AM,211.2,65.170074,211.35602,202.66014,198.60548,0.7944441,1.8616222,5024.618328,41.017273,37
7/15/2025 1:27:57 AM,211.2,65.20223802,211.3590592,202.66014,198.60548,0.7944441,1.8616222,5035.631605,40.835545186,37
7/15/2025 1:27:59 AM,211.2,65.220726,211.3653,202.66014,198.60548,0.7944441,1.8616222,5037.510913,40.769470316,37
7/15/2025 1:28:01 AM,211.2,65.216182756,211.3653,202.66014,198.60548,0.7944441,1.8616222,5034.846941,40.88842048,37
7/15/2025 1:28:03 AM,211.2,65.21356,211.3653,202.6427024,198.60548,0.7944441,1.8616222,5018.273638,40.8254079315,37
7/15/2025 1:28:05 AM,211.2,65.23724104,211.3653,202.63174,198.60548,0.7944441,1.8616222,4992.9011972,40.9552404965,37
7/15/2025 1:28:07 AM,211.2,65.25103,211.3653,202.63174,198.60959284,0.7944441,1.8616222,4994.5251092,40.868563877,37
7/15/2025 1:28:09 AM,211.2,65.25103,211.35783954,202.63174,198.6238,0.7944441,1.8616222,4992.0670991,40.843192009,37
7/15/2025 1:28:11 AM,211.2,65.235560052,211.34238,202.63174,198.6238,0.7944441,1.8616222,4974.3643872,40.982251861,37
7/15/2025 1:28:13 AM,211.2,65.226494,211.34238,202.63174,198.6238,0.7944441,1.8616222,4957.2376374,41.0437455765,37
7/15/2025 1:28:15 AM,211.2,65.226494,211.344685875,202.63174,198.6238,0.7944441,1.8616222,4953.017688,40.90844264,37
7/15/2025 1:28:17 AM,211.2,65.26066976,211.34953,202.63174,198.6238,0.7944441,1.8616222,4965.5028579,41.040641885,37
7/15/2025 1:28:19 AM,211.2,65.262162855,211.34953,202.63174,198.6238,0.7944441,1.8616222,4971.7279151,41.065442287,37
7/15/2025 1:28:21 AM,211.2,65.250984,211.34953,202.63174,198.6238,0.7944441,1.8616222,4967.7855002,40.8905911615,37
7/15/2025 1:28:23 AM,211.2,65.250984,211.34953,202.60895263,198.61052244,0.7944441,1.8616222,4955.62171215,40.99728214,37
7/15/2025 1:28:25 AM,211.2,65.277722592,211.34953,202.59395,198.56117,0.7944441,1.8616222,4960.462745,41.216440375,37
7/15/2025 1:28:27 AM,211.2,65.2937097375,211.34953,202.59395,198.56117,0.7944441,1.8616222,4972.05044375,41.296928048,37
7/15/2025 1:28:29 AM,211.2,65.2217731775,211.34953,202.59395,198.56117,0.7944441,1.8616222,4981.5162095,41.640763204,37
7/15/2025 1:28:31 AM,211.2,65.260640867,211.34953,202.59395,198.56283901,0.7944441,1.8616222,4995.3733024,41.78515796,37
7/15/2025 1:28:33 AM,211.2,65.311516,211.34953,202.59395,198.56908,0.7944441,1.8616222,5012.0902895,41.298843831,37
7/15/2025 1:28:35 AM,211.2,65.311280688,211.34953,202.580339585,198.56908,0.7944441,1.8616222,5024.149096,40.805730335,37
7/15/2025 1:28:37 AM,211.2,65.714223802,211.32660745,202.57094,198.56908,0.7944441,1.8573713887,5038.08151,40.608595204,37
7/15/2025 1:28:39 AM,211.2,67.62882888,211.27676,202.57094,198.56908,0.7997790873,1.8553756,5091.41733,40.500375944,37
7/15/2025 1:28:41 AM,211.2,69.43233513,211.2755393,202.57094,198.56908,0.80302125,1.8553756,5198.2423704,40.426612136,37.716
7/15/2025 1:28:43 AM,211.2,70.410335332,211.27286,202.57094,198.56908,0.80302125,1.8553756,5287.8650737,40.45237576,38
7/15/2025 1:28:45 AM,211.2,70.82585759,211.27286,202.57094,198.56908,0.80302125,1.8553756,5337.0050953,40.3535446615,38
7/15/2025 1:28:47 AM,211.2,70.773043135,211.27107486,202.57094,198.57062632,0.80302125,1.8553756,5359.7816933,40.345993,38
7/15/2025 1:28:49 AM,211.2,70.649132326,211.26712,202.57094,198.57666,0.80302125,1.8553756,5354.72501365,40.601171656,38
7/15/2025 1:28:51 AM,211.2,70.5878422,211.26712,202.55975326,198.57666,0.85560661228,1.9387776408,5348.1690276,41.01589078,38
7/15/2025 1:28:53 AM,211.2,70.56905,211.26712,202.55185,198.57666,0.88797337,1.9787514,5357.5178434,41.09181282,38
7/15/2025 1:28:55 AM,211.2,70.56905,211.29807562,202.55185,198.57666,0.88797337,1.9787514,5374.7786666,41.34381971,38
7/15/2025 1:28:57 AM,211.2,70.56905,211.3673,202.55185,198.57666,0.88797337,1.9787514,5390.8521346,41.31692604,38
7/15/2025 1:28:59 AM,211.2,70.56905,211.3673,202.55185,198.57666,0.88797337,1.9787514,5390.2922525,41.560855215,38
7/15/2025 1:29:01 AM,211.2,70.56905,211.3673,202.55185,198.598195705,0.88797337,1.9787514,5376.9815059,41.7190270575,38
7/15/2025 1:29:03 AM,211.2,70.5684415,211.3673,202.55185,198.682684,0.88797337,1.9787514,5353.2235275,41.7304,38
7/15/2025 1:29:05 AM,211.2,70.560232215,211.439955125,202.55185,198.67714,0.88797337,1.9787514,5340.35383835,41.22877654,38
7/15/2025 1:29:07 AM,211.2,70.39811089,211.60205,202.55185,198.67714,0.88797337,1.9787514,5343.5867716,41.18869,38
7/15/2025 1:29:09 AM,211.2,70.330247224,211.60205,202.55185,198.67714,0.91052688439,1.9787514,5339.36355735,41.28159145,38
7/15/2025 1:29:11 AM,211.2,69.447487423,211.60205,202.64232332,198.699998155,0.9247654,2.006705542,5302.24499,41.3106594595,37.9983022071307
7/15/2025 1:29:13 AM,211.2,67.907342956,211.67272376,202.70757,198.79527,0.9247654,2.020474,5204.2966825,40.7716458865,No Data
7/15/2025 1:29:15 AM,211.2,66.79941017,211.83301,202.70757,198.79527,0.9247654,2.020474,5102.407269,40.4259125,No Data
7/15/2025 1:29:17 AM,211.2,66.04816016,211.83301,202.70757,198.79527,0.9247654,2.020474,5047.6206995,40.470419876,No Data
7/15/2025 1:29:19 AM,211.2,65.596962215,211.83301,202.70757,198.79527,0.9247654,2.020474,5017.7045667,40.738647171,No Data
7/15/2025 1:29:21 AM,211.2,65.436723495,211.88708156,202.70757,198.81472005,0.9247654,2.020474,5005.4509396,40.748820592,No Data
7/15/2025 1:29:23 AM,211.2,65.378638,212.01117,202.781147,198.8965699,0.9247654,2.020474,5001.15012,41.054450913,No Data
7/15/2025 1:29:25 AM,211.2,65.372641285,212.01117,202.83553,198.89317,0.9247654,2.020474,4994.450323,41.108055635,No Data
7/15/2025 1:29:27 AM,211.2,65.38006,212.024165595,202.83553,198.89317,0.9247654,1.9510260256,4994.99342015,41.086223235,No Data
7/15/2025 1:29:29 AM,211.2,65.38006,212.055,202.83553,198.89317,0.9247654,1.9154884,4994.9429644,41.2142548,No Data
7/15/2025 1:29:31 AM,211.2,65.339509155,212.055,202.863804315,198.90735769,0.9247654,1.9154884,4997.2199616,41.009898691,No Data
7/15/2025 1:29:33 AM,211.2,65.31185,212.055,202.88466,198.96904,0.8695754457,1.9154884,4996.84169235,40.991272,No Data
7/15/2025 1:29:35 AM,211.2,65.24976175,212.055,202.88466,198.96904,0.8333156,1.9154884,4988.8211107,41.20156376,No Data
7/15/2025 1:29:37 AM,211.2,65.20333309,212.055,202.88466,198.96904,0.8333156,1.9154884,4982.285736,41.19286088,No Data
7/15/2025 1:29:39 AM,211.2,65.16016725,212.02340792,202.88466,198.97151351,0.8333156,1.9154884,4983.59975965,40.973111684,No Data
7/15/2025 1:29:41 AM,211.2,65.12515749,211.94827,202.88466,198.98282,0.8333156,1.9154884,4992.29261085,40.80830688,No Data
7/15/2025 1:29:43 AM,211.2,65.12,211.94827,202.88466,198.98282,0.8333156,1.9154884,4991.9541965,40.727705697,No Data
7/15/2025 1:29:45 AM,211.2,65.12,211.94827,202.88466,198.98282,0.8333156,1.9154884,4985.7514365,40.7962665195,No Data
7/15/2025 1:29:47 AM,211.2,65.12,211.94827,202.88466,198.98282,0.8333156,1.9154884,4980.48352,41.089556545,No Data
7/15/2025 1:29:49 AM,211.2,64.99267085,211.94827,202.88466,198.97517632,0.8333156,1.9154884,4972.09553125,41.115334,No Data
7/15/2025 1:29:51 AM,211.2,64.9029,211.89344091,202.88466,198.93389238,0.8333156,1.9154884,4970.9790222,41.0057248,No Data
7/15/2025 1:29:53 AM,211.2,64.9029,211.76114,202.88466,198.90833,0.8333156,1.9154884,4964.55671945,40.822348505,No Data
7/15/2025 1:29:55 AM,211.2,64.749235525,211.76114,202.87981215,198.90833,0.8333156,1.9154884,4966.27477635,40.878639219,No Data
7/15/2025 1:29:57 AM,211.2,64.59324699,211.76114,202.87611,198.90724768,0.8333156,1.9154884,4982.664188,41.0664444475,No Data
7/15/2025 1:29:59 AM,211.2,64.49149381,211.76114,202.87611,198.90181,0.8333156,1.9154884,4980.7243857,40.968643368,No Data
7/15/2025 1:30:01 AM,211.2,64.443016,211.76114,202.87611,198.90181,0.8333156,1.9154884,4959.5851201,40.750936575,No Data
7/15/2025 1:30:03 AM,211.2,64.374573573,211.76114,202.87611,198.90181,0.8333156,1.9154884,4944.5157,41.0000099875,No Data
7/15/2025 1:30:05 AM,211.2,64.3105793375,211.76114,202.848748685,198.90181,0.8333156,1.9154884,4949.825381,41.165422341,No Data
7/15/2025 1:30:07 AM,211.2,64.346243025,211.76114,202.82764,198.90181,0.8333156,1.9154884,4958.1114375,41.362226838,No Data
7/15/2025 1:30:09 AM,211.2,64.397199785,211.76114,202.82764,198.90181,0.8333156,1.9154884,4954.5306776,41.04469352,No Data
7/15/2025 1:30:11 AM,211.2,64.409935,211.76114,202.82764,198.90181,0.8333156,1.9154884,4959.3961086,41.158574975,No Data
7/15/2025 1:30:13 AM,211.2,64.409935,211.76114,202.82764,198.90181,0.8333156,1.9154884,4966.26824205,41.1343926625,No Data
7/15/2025 1:30:15 AM,211.2,64.51078972,211.76114,202.82764,198.90181,0.8333156,1.9154884,4961.2789264,40.913606762,No Data
7/15/2025 1:30:17 AM,211.2,64.58503,211.6848835,202.82764,198.90181,0.8333156,1.9154884,4953.760104,40.785787685,No Data
7/15/2025 1:30:19 AM,211.2,64.58503,211.4959,202.82764,198.88671468,0.8333156,1.8641794388,4955.528061,40.865756708,No Data
7/15/2025 1:30:21 AM,211.2,64.645379824,211.4959,202.82764,198.80627,0.8333156,1.8358161,4961.3729846,40.79781464,No Data
7/15/2025 1:30:23 AM,211.2,64.689804,211.47145558,202.82764,198.80627,0.8333156,1.8358161,4961.946812,41.009066415,No Data
7/15/2025 1:30:25 AM,211.2,64.689804,211.41043,202.82764,198.80627,0.8333156,1.8358161,4962.30553565,40.991411943,No Data
7/15/2025 1:30:27 AM,211.2,64.689804,211.41043,202.82764,198.7966448,0.80028593948,1.8358161,4968.7343156,41.03380582,No Data
7/15/2025 1:30:29 AM,211.2,64.689804,211.402096255,202.82764,198.74457,0.77641696,1.8358161,4974.48872525,41.2037692875,No Data
7/15/2025 1:30:31 AM,211.2,64.689804,211.38124,202.82764,198.74457,0.77641696,1.8358161,4968.94862325,41.022808439,No Data
7/15/2025 1:30:33 AM,211.2,64.689804,211.38124,202.82764,198.74457,0.77641696,1.8358161,4950.702323,40.67937415,No Data
7/15/2025 1:30:35 AM,211.2,64.753319282,211.38124,202.82764,198.74457,0.77641696,1.8358161,4937.459742,40.704878568,No Data
7/15/2025 1:30:37 AM,211.2,64.80232,211.38124,202.82764,198.74457,0.77641696,1.8358161,4941.1023144,40.8441753575,No Data
7/15/2025 1:30:39 AM,No Data,64.83738927,211.3638968,202.82764,198.737175905,0.77641696,1.8358161,4946.19181,40.68608851,No Data
7/15/2025 1:30:41 AM,No Data,64.86461,211.3193,202.82764,198.6964,0.77641696,1.8358161,4946.4884205,40.876420748,No Data
7/15/2025 1:30:43 AM,No Data,64.86461,211.3193,202.82764,198.697980145,0.77641696,1.8358161,4938.893648,41.066262025,No Data
7/15/2025 1:30:45 AM,No Data,64.86461,211.3042192,202.82764,198.70683,0.77641696,1.8358161,4930.235656,41.1718678765,No Data
7/15/2025 1:30:47 AM,No Data,64.86461,211.26544,202.82764,198.70683,0.77641696,1.8358161,4929.3511825,41.299762995,No Data
7/15/2025 1:30:49 AM,No Data,64.86461,211.26544,202.82764,198.70683,0.77641696,1.8358161,4933.1070008,41.3862080975,No Data
7/15/2025 1:30:51 AM,No Data,64.86461,211.26544,202.82764,198.70683,0.77641696,1.8358161,4937.749396,41.428109171,No Data
7/15/2025 1:30:53 AM,No Data,64.89938224,211.2604082,202.82764,198.70683,0.77641696,1.8358161,4941.9302556,41.1401459275,No Data
