Timestamp,still01-bf-pid.DV01-lit4003.level-% => (Aggregate=TimeAverage2),still01-bf-pid.CV01-pmp4000a.cmdspd-hz => (Aggregate=TimeAverage2),still01-bf-pid.PV01-fit4008.volflow-gpm => (Aggregate=TimeAverage2),still01-bf-pid.SP.volflow-gpm => (Aggregate=TimeAverage2)
7/15/2025 8:15:33 AM,49.663789225,47.6862,83.377914,83
7/15/2025 8:15:34 AM,49.623955,47.73,83.377914,83
7/15/2025 8:15:35 AM,49.623955,47.73,83.210646822,83
7/15/2025 8:15:36 AM,49.623955,47.73,83.19144,83
7/15/2025 8:15:37 AM,49.623955,47.67104,83.19144,83
7/15/2025 8:15:38 AM,49.623955,47.51,83.19144,83
7/15/2025 8:15:39 AM,49.623955,47.55005,82.65910614,83
7/15/2025 8:15:40 AM,49.623955,47.66,82.5993,83
7/15/2025 8:15:41 AM,49.623955,47.64404,82.5993,83
7/15/2025 8:15:42 AM,49.623955,47.6,82.5993,83
7/15/2025 8:15:43 AM,49.623955,47.6,82.5993,83
7/15/2025 8:15:44 AM,49.623955,47.6,82.5993,83
7/15/2025 8:15:45 AM,49.623955,47.6208,82.7112822,83
7/15/2025 8:15:46 AM,49.623955,47.68,82.7247,83
7/15/2025 8:15:47 AM,49.623955,47.66964,82.7247,83
7/15/2025 8:15:48 AM,49.623955,47.64,82.7247,83
7/15/2025 8:15:49 AM,49.623955,47.65542,82.76347632,83
7/15/2025 8:15:50 AM,49.623955,47.7,82.76822,83
7/15/2025 8:15:51 AM,49.623955,47.67936,82.76822,83
7/15/2025 8:15:52 AM,49.623955,47.62,82.76822,83
7/15/2025 8:15:53 AM,49.623955,47.62,82.76822,83
7/15/2025 8:15:54 AM,49.623955,47.62,82.76822,83
7/15/2025 8:15:55 AM,49.623955,47.62514,83.188286086,83
7/15/2025 8:15:56 AM,49.623955,47.64,83.245026,83
7/15/2025 8:15:57 AM,49.623955,47.6706,83.245026,83
7/15/2025 8:15:58 AM,49.623955,47.76,83.245026,83
7/15/2025 8:15:59 AM,49.623955,47.72698,83.606702856,83
7/15/2025 8:16:00 AM,49.623955,47.63,83.65649,83
7/15/2025 8:16:01 AM,49.623955,47.63506,83.65649,83
7/15/2025 8:16:02 AM,49.623955,47.65,83.65649,83
7/15/2025 8:16:03 AM,49.60177009,47.6752,83.65649,83
7/15/2025 8:16:04 AM,49.51191,47.75,83.65649,83
7/15/2025 8:16:05 AM,49.51191,47.7374,82.647332075,83
7/15/2025 8:16:06 AM,49.51191,47.7,82.508415,83
7/15/2025 8:16:07 AM,49.51191,47.73024,82.508415,83
7/15/2025 8:16:08 AM,49.51191,47.82,82.508415,83
7/15/2025 8:16:09 AM,49.51191,47.8375,82.23975616,83
7/15/2025 8:16:10 AM,49.51191,47.89,82.20032,83
7/15/2025 8:16:11 AM,49.51191,47.89,82.20032,83
7/15/2025 8:16:12 AM,49.51191,47.89,82.20032,83
7/15/2025 8:16:13 AM,49.51191,47.89,82.20032,83
7/15/2025 8:16:14 AM,49.51191,47.89,82.20032,83
7/15/2025 8:16:15 AM,49.51191,47.89,82.19359118,83
7/15/2025 8:16:16 AM,49.51191,47.89,82.19255,83
7/15/2025 8:16:17 AM,49.505180034,47.91233,82.19255,83
7/15/2025 8:16:18 AM,49.470367,48,82.19255,83
7/15/2025 8:16:19 AM,49.470367,48,81.81178136,83
7/15/2025 8:16:20 AM,49.470367,48,81.75031,83
7/15/2025 8:16:21 AM,49.470367,48.00594,81.75031,83
7/15/2025 8:16:22 AM,49.470367,48.03,81.75031,83
7/15/2025 8:16:23 AM,49.470367,48.00636,81.75031,83
7/15/2025 8:16:24 AM,49.470367,47.91,81.75031,83
7/15/2025 8:16:25 AM,49.470367,47.94136,82.57760638,83
7/15/2025 8:16:26 AM,49.470367,48.07,82.71565,83
7/15/2025 8:16:27 AM,49.470367,48.05236,83.47665743,83
7/15/2025 8:16:28 AM,49.470367,47.98,83.60364,83
7/15/2025 8:16:29 AM,49.470367,47.9878,83.60364,83
7/15/2025 8:16:30 AM,49.470367,48.02,83.60364,83
7/15/2025 8:16:31 AM,49.470367,47.99866,83.60364,83
7/15/2025 8:16:32 AM,49.470367,47.91,83.60364,83
7/15/2025 8:16:33 AM,49.470367,47.9334,83.43315942,83
7/15/2025 8:16:34 AM,49.470367,48.03,83.40378,83
7/15/2025 8:16:35 AM,49.470367,47.98947,83.40378,83
7/15/2025 8:16:36 AM,49.470367,47.82,83.40378,83
7/15/2025 8:16:37 AM,49.470367,47.86224,82.44058101,83
7/15/2025 8:16:38 AM,49.470367,48.04,82.26927,83
7/15/2025 8:16:39 AM,49.470367,48.00371,82.26927,83
7/15/2025 8:16:40 AM,49.470367,47.85,82.26927,83
7/15/2025 8:16:41 AM,49.470367,47.87457,82.26927,83
7/15/2025 8:16:42 AM,49.470367,47.98,82.26927,83
7/15/2025 8:16:43 AM,49.470367,47.94976,83.552566936,83
7/15/2025 8:16:44 AM,49.470367,47.82,83.789764,83
7/15/2025 8:16:45 AM,49.470367,47.80872,82.89453064,83
7/15/2025 8:16:46 AM,49.470367,47.76,82.72401,83
7/15/2025 8:16:47 AM,49.470367,47.78444,82.72401,83
7/15/2025 8:16:48 AM,49.470367,47.89,82.72401,83
7/15/2025 8:16:49 AM,49.470367,47.89,82.72401,83
7/15/2025 8:16:50 AM,49.470367,47.89,82.72401,83
7/15/2025 8:16:51 AM,49.470367,47.91405,82.57313648,83
7/15/2025 8:16:52 AM,49.470367,48.02,82.54397,83
7/15/2025 8:16:53 AM,49.470367,48.02184,82.54397,83
7/15/2025 8:16:54 AM,49.470367,48.03,82.54397,83
7/15/2025 8:16:55 AM,49.470367,48.03,83.15550664,83
7/15/2025 8:16:56 AM,49.470367,48.03,83.27899,83
7/15/2025 8:16:57 AM,49.470367,48.01726,82.89129526,83
7/15/2025 8:16:58 AM,49.470367,47.96,82.81245,83
7/15/2025 8:16:59 AM,49.470367,47.9425,82.81245,83
7/15/2025 8:17:00 AM,49.470367,47.86,82.81245,83
7/15/2025 8:17:01 AM,49.470367,47.86175,82.81245,83
7/15/2025 8:17:02 AM,49.470367,47.87,82.81245,83
7/15/2025 8:17:03 AM,49.470367,47.87875,83.72938072,83
7/15/2025 8:17:04 AM,49.470367,47.92,83.92523,83
7/15/2025 8:17:05 AM,49.470367,47.93914,83.92523,83
7/15/2025 8:17:06 AM,49.470367,48.03,83.92523,83
7/15/2025 8:17:07 AM,49.470367,48.00578,83.4944047,83
7/15/2025 8:17:08 AM,49.470367,47.89,83.39661,83
7/15/2025 8:17:09 AM,49.470367,47.91064,83.39661,83
7/15/2025 8:17:10 AM,49.470367,48.01,83.39661,83
7/15/2025 8:17:11 AM,49.470367,48.00324,83.39661,83
7/15/2025 8:17:12 AM,49.470367,47.97,83.39661,83
7/15/2025 8:17:13 AM,49.470367,47.93846,83.4571232,83
7/15/2025 8:17:14 AM,49.470367,47.78,83.47141,83
7/15/2025 8:17:15 AM,49.44466588,47.81116,83.47141,83
7/15/2025 8:17:16 AM,49.269577,47.97,83.47141,83
7/15/2025 8:17:17 AM,49.269577,47.96352,82.93584148,83
7/15/2025 8:17:18 AM,49.269577,47.93,82.80528,83
7/15/2025 8:17:19 AM,49.269577,47.94431,82.80528,83
7/15/2025 8:17:20 AM,49.269577,48.02,82.80528,83
7/15/2025 8:17:21 AM,49.269577,48.02,82.80528,83
7/15/2025 8:17:22 AM,49.269577,48.02,82.80528,83
7/15/2025 8:17:23 AM,49.269577,48.02,82.71127765,83
7/15/2025 8:17:24 AM,49.269577,48.02,82.68763,83
7/15/2025 8:17:25 AM,49.266802582,48.00578,82.68763,83
7/15/2025 8:17:26 AM,49.24524,47.93,82.68763,83
7/15/2025 8:17:27 AM,49.24524,47.93,83.54204844,83
7/15/2025 8:17:28 AM,49.24524,47.93,83.76102,83
7/15/2025 8:17:29 AM,49.24524,47.93,83.76102,83
7/15/2025 8:17:30 AM,49.24524,47.93,83.76102,83
7/15/2025 8:17:31 AM,49.24524,47.93,83.76102,83
7/15/2025 8:17:32 AM,49.24524,47.93,83.76102,83
7/15/2025 8:17:33 AM,49.2378956,47.9362,83.299538735,83
7/15/2025 8:17:34 AM,49.179665,47.97,83.177605,83
7/15/2025 8:17:35 AM,49.179665,47.96384,83.177605,83
7/15/2025 8:17:36 AM,49.179665,47.93,83.177605,83
7/15/2025 8:17:37 AM,49.179665,47.93765,83.009351728,83
7/15/2025 8:17:38 AM,49.179665,47.98,82.965164,83
7/15/2025 8:17:39 AM,49.179665,47.9949,82.965164,83
7/15/2025 8:17:40 AM,49.179665,48.08,82.965164,83
7/15/2025 8:17:41 AM,49.179665,48.05484,82.965164,83
7/15/2025 8:17:42 AM,49.179665,47.91,82.965164,83
7/15/2025 8:17:43 AM,49.179665,47.91,83.573520488,83
7/15/2025 8:17:44 AM,49.179665,47.91,83.73719,83
7/15/2025 8:17:45 AM,49.179665,47.89383,83.73719,83
7/15/2025 8:17:46 AM,49.179665,47.8,83.73719,83
7/15/2025 8:17:47 AM,49.179665,47.8073,82.950118506,83
7/15/2025 8:17:48 AM,49.179665,47.85,82.729416,83
7/15/2025 8:17:49 AM,49.179665,47.84708,82.729416,83
7/15/2025 8:17:50 AM,49.179665,47.83,82.729416,83
7/15/2025 8:17:51 AM,49.179665,47.82136,82.729416,83
7/15/2025 8:17:52 AM,49.179665,47.77,82.729416,83
7/15/2025 8:17:53 AM,49.17522805,47.77426,82.898881984,83
7/15/2025 8:17:54 AM,49.13439,47.8,82.9478,83
7/15/2025 8:17:55 AM,49.13439,47.8336,82.9478,83
7/15/2025 8:17:56 AM,49.13439,48.04,82.9478,83
7/15/2025 8:17:57 AM,49.13439,48.01792,83.82541009,83
7/15/2025 8:17:58 AM,49.13439,47.88,84.08313,83
7/15/2025 8:17:59 AM,49.13439,47.88,84.08313,83
7/15/2025 8:18:00 AM,49.13439,47.88,84.08313,83
7/15/2025 8:18:01 AM,49.13439,47.8868,84.08313,83
7/15/2025 8:18:02 AM,49.13439,47.93,84.08313,83
7/15/2025 8:18:03 AM,49.13439,47.92055,82.92876432,83
7/15/2025 8:18:04 AM,49.13439,47.86,82.57809,83
7/15/2025 8:18:05 AM,49.13439,47.8708,82.57809,83
7/15/2025 8:18:06 AM,49.13439,47.94,82.57809,83
7/15/2025 8:18:07 AM,49.13439,47.92794,83.64117544,83
7/15/2025 8:18:08 AM,49.13439,47.85,83.96593,83
7/15/2025 8:18:09 AM,49.13439,47.85,83.96593,83
7/15/2025 8:18:10 AM,49.13439,47.85,83.96593,83
7/15/2025 8:18:11 AM,49.13439,47.85798,83.96593,83
7/15/2025 8:18:12 AM,49.13439,47.91,83.96593,83
7/15/2025 8:18:13 AM,49.13439,47.89271,83.28735868,83
7/15/2025 8:18:14 AM,49.13439,47.78,82.99237,83
7/15/2025 8:18:15 AM,49.13439,47.78,82.99237,83
7/15/2025 8:18:16 AM,49.13439,47.78,82.99237,83
7/15/2025 8:18:17 AM,49.13439,47.7864,83.08426636,83
7/15/2025 8:18:18 AM,49.13439,47.83,83.124405,83
7/15/2025 8:18:19 AM,49.13439,47.83516,83.124405,83
7/15/2025 8:18:20 AM,49.13439,47.87,83.124405,83
7/15/2025 8:18:21 AM,49.13439,47.8572,83.124405,83
7/15/2025 8:18:22 AM,49.13439,47.77,83.124405,83
7/15/2025 8:18:23 AM,49.13439,47.77256,83.24020774,83
7/15/2025 8:18:24 AM,49.13439,47.79,83.29175,83
7/15/2025 8:18:25 AM,49.122552093,47.76206,83.29175,83
7/15/2025 8:18:26 AM,48.988243,47.57,83.29175,83
7/15/2025 8:18:27 AM,48.988243,47.57,83.08249612,83
7/15/2025 8:18:28 AM,48.988243,47.57,82.98936,83
7/15/2025 8:18:29 AM,48.988243,47.58353,82.98936,83
7/15/2025 8:18:30 AM,48.988243,47.68,82.98936,83
7/15/2025 8:18:31 AM,48.988243,47.66746,82.98936,83
7/15/2025 8:18:32 AM,48.988243,47.57,82.98936,83
7/15/2025 8:18:33 AM,48.988243,47.5815,82.5676758,83
7/15/2025 8:18:34 AM,48.988243,47.67,82.37466,83
7/15/2025 8:18:35 AM,48.988243,47.66886,82.37466,83
7/15/2025 8:18:36 AM,48.988243,47.66,82.37466,83
7/15/2025 8:18:37 AM,48.988243,47.6646,82.661829204,83
7/15/2025 8:18:38 AM,48.988243,47.7,82.793274,83
7/15/2025 8:18:39 AM,48.988243,47.6923,82.793274,83
7/15/2025 8:18:40 AM,48.988243,47.63,82.793274,83
7/15/2025 8:18:41 AM,48.988243,47.63,83.328828822,83
7/15/2025 8:18:42 AM,48.988243,47.63,83.578545,83
7/15/2025 8:18:43 AM,48.988243,47.62455,83.578545,83
7/15/2025 8:18:44 AM,48.988243,47.58,83.578545,83
7/15/2025 8:18:45 AM,48.988243,47.59378,83.578545,83
7/15/2025 8:18:46 AM,48.988243,47.71,83.578545,83
7/15/2025 8:18:47 AM,48.984997235,47.70568,83.578545,83
7/15/2025 8:18:48 AM,48.942528,47.67,83.578545,83
7/15/2025 8:18:49 AM,48.942528,47.67618,82.983465,83
7/15/2025 8:18:50 AM,48.942528,47.73,82.696945,83
7/15/2025 8:18:51 AM,48.942528,47.72485,82.696945,83
7/15/2025 8:18:52 AM,48.942528,47.68,82.696945,83
7/15/2025 8:18:53 AM,48.942528,47.69212,82.660786436,83
7/15/2025 8:18:54 AM,48.942528,47.8,82.643456,83
7/15/2025 8:18:55 AM,48.942528,47.804,82.643456,83
7/15/2025 8:18:56 AM,48.942528,47.84,82.643456,83
7/15/2025 8:18:57 AM,48.942528,47.84,82.428075968,83
7/15/2025 8:18:58 AM,48.942528,47.84,82.32295,83
7/15/2025 8:18:59 AM,48.942528,47.85188,82.32295,83
7/15/2025 8:19:00 AM,48.942528,47.96,82.32295,83
7/15/2025 8:19:01 AM,48.942528,47.95314,82.32295,83
7/15/2025 8:19:02 AM,48.942528,47.89,82.32295,83
7/15/2025 8:19:03 AM,48.942528,47.8948,82.35882847,83
7/15/2025 8:19:04 AM,48.942528,47.94,82.37658,83
7/15/2025 8:19:05 AM,48.938050856,47.93636,82.37658,83
7/15/2025 8:19:06 AM,48.870316,47.9,82.37658,83
7/15/2025 8:19:07 AM,48.870316,47.88884,83.03322936,83
7/15/2025 8:19:08 AM,48.870316,47.78,83.36254,83
7/15/2025 8:19:09 AM,48.870316,47.789,83.36254,83
7/15/2025 8:19:10 AM,48.870316,47.88,83.36254,83
7/15/2025 8:19:11 AM,48.870316,47.88,83.36254,83
7/15/2025 8:19:12 AM,48.870316,47.88,83.36254,83
7/15/2025 8:19:13 AM,48.870316,47.87648,83.11268182,83
7/15/2025 8:19:14 AM,48.870316,47.84,82.98568,83
7/15/2025 8:19:15 AM,48.870316,47.83304,82.98568,83
7/15/2025 8:19:16 AM,48.870316,47.76,82.98568,83
7/15/2025 8:19:17 AM,48.870316,47.77634,82.56808488,83
7/15/2025 8:19:18 AM,48.870316,47.95,82.352,83
7/15/2025 8:19:19 AM,48.870316,47.95,82.352,83
7/15/2025 8:19:20 AM,48.870316,47.95,82.352,83
7/15/2025 8:19:21 AM,48.86617395,47.94496,82.352,83
7/15/2025 8:19:22 AM,48.795006,47.89,82.352,83
7/15/2025 8:19:23 AM,48.795006,47.87838,83.19644912,83
7/15/2025 8:19:24 AM,48.795006,47.75,83.63927,83
7/15/2025 8:19:25 AM,48.795006,47.75,83.63927,83
7/15/2025 8:19:26 AM,48.795006,47.75,83.63927,83
7/15/2025 8:19:27 AM,48.795006,47.75567,83.362555425,83
7/15/2025 8:19:28 AM,48.795006,47.82,83.216805,83
7/15/2025 8:19:29 AM,48.795006,47.81376,83.216805,83
7/15/2025 8:19:30 AM,48.795006,47.74,83.216805,83
7/15/2025 8:19:31 AM,48.795006,47.74612,83.216805,83
7/15/2025 8:19:32 AM,48.795006,47.83,83.216805,83
7/15/2025 8:19:33 AM,48.795006,47.82552,83.040901268,83
7/15/2025 8:19:34 AM,48.795006,47.76,82.947014,83
7/15/2025 8:19:35 AM,48.795006,47.7666,82.947014,83
7/15/2025 8:19:36 AM,48.795006,47.87,82.947014,83
7/15/2025 8:19:37 AM,48.795006,47.86536,83.298651944,83
7/15/2025 8:19:38 AM,48.795006,47.79,83.486336,83
7/15/2025 8:19:39 AM,48.793112688,47.7957,83.486336,83
7/15/2025 8:19:40 AM,48.73584,47.89,83.486336,83
7/15/2025 8:19:41 AM,48.73584,47.8816,83.486336,83
7/15/2025 8:19:42 AM,48.73584,47.74,83.486336,83
7/15/2025 8:19:43 AM,48.73584,47.73835,83.004034246,83
7/15/2025 8:19:44 AM,48.73584,47.71,82.74319,83
7/15/2025 8:19:45 AM,48.73584,47.71165,82.74319,83
7/15/2025 8:19:46 AM,48.73584,47.74,82.74319,83
7/15/2025 8:19:47 AM,48.73584,47.74715,82.41578859,83
7/15/2025 8:19:48 AM,48.73584,47.87,82.23716,83
7/15/2025 8:19:49 AM,48.73584,47.87049,82.23716,83
7/15/2025 8:19:50 AM,48.73584,47.88,82.23716,83
7/15/2025 8:19:51 AM,48.73584,47.88184,82.23716,83
7/15/2025 8:19:52 AM,48.73584,47.92,82.23716,83
7/15/2025 8:19:53 AM,48.73584,47.92893,82.2775901,83
7/15/2025 8:19:54 AM,48.73584,48.11,82.3029,83
7/15/2025 8:19:55 AM,48.73584,48.1054,82.3029,83
7/15/2025 8:19:56 AM,48.73584,48.01,82.3029,83
7/15/2025 8:19:57 AM,48.73584,48.01,82.89902646,83
7/15/2025 8:19:58 AM,48.73584,48.01,83.27379,83
7/15/2025 8:19:59 AM,48.73584,48.00613,83.27379,83
7/15/2025 8:20:00 AM,48.73584,47.92,83.27379,83
7/15/2025 8:20:01 AM,48.73584,47.92,83.27379,83
7/15/2025 8:20:02 AM,48.73584,47.92,83.27379,83
7/15/2025 8:20:03 AM,48.73584,47.92258,82.57295889,83
7/15/2025 8:20:04 AM,48.73584,47.98,82.123,83
7/15/2025 8:20:05 AM,48.73584,47.9716,82.123,83
7/15/2025 8:20:06 AM,48.73584,47.78,82.123,83
7/15/2025 8:20:07 AM,48.73584,47.78779,82.41033838,83
7/15/2025 8:20:08 AM,48.73584,47.97,82.59482,83
7/15/2025 8:20:09 AM,48.73584,47.96259,82.59482,83
7/15/2025 8:20:10 AM,48.73584,47.78,82.59482,83
7/15/2025 8:20:11 AM,48.73584,47.7868,82.59482,83
7/15/2025 8:20:12 AM,48.73584,47.98,82.59482,83
7/15/2025 8:20:13 AM,48.73584,47.97907,82.75242875,83
7/15/2025 8:20:14 AM,48.73584,47.95,82.853195,83
7/15/2025 8:20:15 AM,48.73584,47.94597,82.853195,83
7/15/2025 8:20:16 AM,48.73584,47.82,82.853195,83
7/15/2025 8:20:17 AM,48.73584,47.82,82.88375612,83
7/15/2025 8:20:18 AM,48.73584,47.82,82.90346,83
7/15/2025 8:20:19 AM,48.73584,47.8186,82.90346,83
7/15/2025 8:20:20 AM,48.73584,47.77,82.90346,83
7/15/2025 8:20:21 AM,48.73584,47.77234,82.90346,83
7/15/2025 8:20:22 AM,48.73584,47.86,82.90346,83
7/15/2025 8:20:23 AM,48.73584,47.85875,82.932120112,83
7/15/2025 8:20:24 AM,48.579731295,47.81,82.950676,83
7/15/2025 8:20:25 AM,48.577995,47.81092,82.950676,83
7/15/2025 8:20:26 AM,48.577995,47.85,82.950676,83
7/15/2025 8:20:27 AM,48.577995,47.8522,82.877697844,83
7/15/2025 8:20:28 AM,48.58437254,47.95,82.83025,83
7/15/2025 8:20:29 AM,48.58445,47.94818,82.83025,83
7/15/2025 8:20:30 AM,48.58445,47.82,82.83025,83
7/15/2025 8:20:31 AM,48.58445,47.81958,82.83025,83
7/15/2025 8:20:32 AM,48.58445,47.79,82.83025,83
7/15/2025 8:20:33 AM,48.58445,47.79039,82.97982894,83
7/15/2025 8:20:34 AM,48.5387232,47.82,83.07872,83
7/15/2025 8:20:35 AM,48.53779,47.82112,83.07872,83
7/15/2025 8:20:36 AM,48.53779,47.9,83.07872,83
7/15/2025 8:20:37 AM,48.53779,47.8993,83.14550312,83
7/15/2025 8:20:38 AM,48.53779,47.83,83.18984,83
7/15/2025 8:20:39 AM,48.53779,47.83,83.18984,83
7/15/2025 8:20:40 AM,48.53779,47.83,83.18984,83
7/15/2025 8:20:41 AM,48.53779,47.83136,83.18984,83
7/15/2025 8:20:42 AM,48.5260046,48,83.18984,83
7/15/2025 8:20:43 AM,48.52569,48,83.06674768,83
7/15/2025 8:20:44 AM,48.52569,48,82.984,83
7/15/2025 8:20:45 AM,48.52569,48.00056,82.984,83
7/15/2025 8:20:46 AM,48.52569,48.08,82.984,83
7/15/2025 8:20:47 AM,48.52569,48.07964,83.32985565,83
7/15/2025 8:20:48 AM,48.49001049,47.99,83.56527,83
7/15/2025 8:20:49 AM,48.488907,47.9906,83.56527,83
7/15/2025 8:20:50 AM,48.488907,48.19,83.56527,83
7/15/2025 8:20:51 AM,48.488907,48.19,83.24158688,83
7/15/2025 8:20:52 AM,48.488907,48.19,83.01943,83
7/15/2025 8:20:53 AM,48.488907,48.18981,83.01943,83
7/15/2025 8:20:54 AM,48.488907,48,83.01943,83
7/15/2025 8:20:55 AM,48.488907,48,83.01943,83
7/15/2025 8:20:56 AM,48.488907,47.95025,83.01943,83
7/15/2025 8:20:57 AM,48.488907,47.95,83.38681286,83
7/15/2025 8:20:58 AM,48.488907,47.97991,83.64317,83
7/15/2025 8:20:59 AM,48.488907,47.98,83.64317,83
7/15/2025 8:21:00 AM,48.488907,47.9302,83.64317,83
7/15/2025 8:21:01 AM,48.488907,47.93,83.19134016,83
7/15/2025 8:21:02 AM,48.488907,47.85032,82.85601,83
7/15/2025 8:21:03 AM,48.488907,47.85,82.85601,83
7/15/2025 8:21:04 AM,48.453274081,47.8301,82.85601,83
7/15/2025 8:21:05 AM,48.451828,47.83,82.85601,83
7/15/2025 8:21:06 AM,48.451828,47.98904,82.85601,83
7/15/2025 8:21:07 AM,48.451828,47.99,83.26531993,83
7/15/2025 8:21:08 AM,48.451828,47.92042,83.57284,83
7/15/2025 8:21:09 AM,48.451828,47.92,83.57284,83
7/15/2025 8:21:10 AM,48.451828,47.88032,83.57284,83
7/15/2025 8:21:11 AM,48.451828,47.88,82.70624162,83
7/15/2025 8:21:12 AM,48.451828,48.177,82.04982,83
7/15/2025 8:21:13 AM,48.451828,48.18,82.04982,83
7/15/2025 8:21:14 AM,48.451828,48.0711,82.04982,83
7/15/2025 8:21:15 AM,48.451828,48.07,82.04982,83
7/15/2025 8:21:16 AM,48.451828,48.01072,82.04982,83
7/15/2025 8:21:17 AM,48.451828,48.01,83.06273926,83
7/15/2025 8:21:18 AM,48.451828,47.98042,83.83943,83
7/15/2025 8:21:19 AM,48.451828,47.98,83.83943,83
7/15/2025 8:21:20 AM,48.451828,48.0786,83.83943,83
7/15/2025 8:21:21 AM,48.451828,48.08,82.92852978,83
7/15/2025 8:21:22 AM,48.451828,48.08,82.22149,83
7/15/2025 8:21:23 AM,48.451828,48.08,82.22149,83
7/15/2025 8:21:24 AM,48.451828,48.1786,82.22149,83
7/15/2025 8:21:25 AM,48.451828,48.18,82.22149,83
7/15/2025 8:21:26 AM,48.396724105,47.84476,82.22149,83
7/15/2025 8:21:27 AM,48.393517,47.84,82.60450003,83
7/15/2025 8:21:28 AM,48.393517,47.9876,82.90666,83
7/15/2025 8:21:29 AM,48.393517,47.99,82.90666,83
7/15/2025 8:21:30 AM,48.393517,47.99,82.90666,83
7/15/2025 8:21:31 AM,48.393517,47.99,83.27958821,83
7/15/2025 8:21:32 AM,48.358692307,47.82323,83.57619,83
7/15/2025 8:21:33 AM,48.35643,47.82,83.57619,83
7/15/2025 8:21:34 AM,48.35643,47.95706,83.57619,83
7/15/2025 8:21:35 AM,48.35643,47.96,83.57619,83
7/15/2025 8:21:36 AM,48.35643,47.80352,83.57619,83
7/15/2025 8:21:37 AM,48.35643,47.8,83.3579418,83
7/15/2025 8:21:38 AM,48.35643,47.88784,83.18295,83
7/15/2025 8:21:39 AM,48.35643,47.89,83.18295,83
7/15/2025 8:21:40 AM,48.35643,47.89,83.18295,83
7/15/2025 8:21:41 AM,48.35643,47.89,83.27371389,83
7/15/2025 8:21:42 AM,48.311225555,47.773,83.34708,83
7/15/2025 8:21:43 AM,48.308083,47.77,83.34708,83
7/15/2025 8:21:44 AM,48.308083,47.9158,83.34708,83
7/15/2025 8:21:45 AM,48.308083,47.92,83.34708,83
7/15/2025 8:21:46 AM,48.308083,47.77405,83.34708,83
7/15/2025 8:21:47 AM,48.308083,47.77,82.737647,83
7/15/2025 8:21:48 AM,48.315334559,47.93507,82.23902,83
7/15/2025 8:21:49 AM,48.315872,47.94,82.23902,83
7/15/2025 8:21:50 AM,48.315872,47.94,82.23902,83
7/15/2025 8:21:51 AM,48.315872,47.94,82.72014208,83
7/15/2025 8:21:52 AM,48.315872,47.96886,83.11698,83
7/15/2025 8:21:53 AM,48.315872,47.97,83.11698,83
7/15/2025 8:21:54 AM,48.315872,48.01835,83.11698,83
7/15/2025 8:21:55 AM,48.315872,48.02,83.11698,83
7/15/2025 8:21:56 AM,48.315872,47.9428,83.11698,83
7/15/2025 8:21:57 AM,48.315872,47.94,83.09616921,83
7/15/2025 8:21:58 AM,48.315872,47.95928,83.078865,83
7/15/2025 8:21:59 AM,48.315872,47.96,83.078865,83
7/15/2025 8:22:00 AM,48.315872,47.96,83.078865,83
7/15/2025 8:22:01 AM,48.315872,47.96,82.63129172,83
7/15/2025 8:22:02 AM,48.315872,48.1424,82.25612,83
7/15/2025 8:22:03 AM,48.315872,48.15,82.25612,83
7/15/2025 8:22:04 AM,48.315872,48.0063,82.25612,83
7/15/2025 8:22:05 AM,48.315872,48,82.25612,83
7/15/2025 8:22:06 AM,48.315872,47.98088,82.25612,83
7/15/2025 8:22:07 AM,48.315872,47.98,82.2218678,83
7/15/2025 8:22:08 AM,48.315872,48.06586,82.19269,83
7/15/2025 8:22:09 AM,48.315872,48.07,82.19269,83
7/15/2025 8:22:10 AM,48.315872,47.89792,82.19269,83
7/15/2025 8:22:11 AM,48.315872,47.89,82.4766092,83
7/15/2025 8:22:12 AM,48.315872,48.081,82.72239,83
7/15/2025 8:22:13 AM,48.315872,48.09,82.72239,83
7/15/2025 8:22:14 AM,48.22114511,47.8992,82.72239,83
7/15/2025 8:22:15 AM,48.211662,47.89,82.72239,83
7/15/2025 8:22:16 AM,48.211662,48.14758,82.72239,83
7/15/2025 8:22:17 AM,48.211662,48.16,82.74874512,83
7/15/2025 8:22:18 AM,48.211662,48.05495,82.77156,83
7/15/2025 8:22:19 AM,48.211662,48.05,82.77156,83
7/15/2025 8:22:20 AM,48.211662,48.28825,82.77156,83
7/15/2025 8:22:21 AM,48.211662,48.3,82.6970466,83
7/15/2025 8:22:22 AM,48.211662,48.22384,82.63176,83
7/15/2025 8:22:23 AM,48.211662,48.22,82.63176,83
7/15/2025 8:22:24 AM,48.211662,48.22,82.63176,83
7/15/2025 8:22:25 AM,48.211662,48.22,82.63176,83
7/15/2025 8:22:26 AM,48.211662,48.13441,82.63176,83
7/15/2025 8:22:27 AM,48.211662,48.13,83.134178394,83
7/15/2025 8:22:28 AM,48.211662,47.997,83.577934,83
7/15/2025 8:22:29 AM,48.211662,47.99,83.577934,83
7/15/2025 8:22:30 AM,48.211662,48.09439,83.577934,83
7/15/2025 8:22:31 AM,48.211662,48.1,83.317201586,83
7/15/2025 8:22:32 AM,48.211662,48.09052,83.082245,83
7/15/2025 8:22:33 AM,48.211662,48.09,83.082245,83
7/15/2025 8:22:34 AM,48.211662,48.19406,83.082245,83
7/15/2025 8:22:35 AM,48.211662,48.2,83.082245,83
7/15/2025 8:22:36 AM,48.211662,48.1811,83.082245,83
7/15/2025 8:22:37 AM,48.211662,48.18,84.153756875,83
7/15/2025 8:22:38 AM,48.211662,47.90653,85.12322,83
7/15/2025 8:22:39 AM,48.211662,47.89,85.12322,83
7/15/2025 8:22:40 AM,48.211662,47.89,85.12322,83
7/15/2025 8:22:41 AM,48.211662,47.89,84.33697971,83
7/15/2025 8:22:42 AM,48.211662,47.89,83.502106,83
7/15/2025 8:22:43 AM,48.211662,47.89,83.502106,83
7/15/2025 8:22:44 AM,48.211662,47.9558,83.502106,83
7/15/2025 8:22:45 AM,48.211662,47.96,83.502106,83
7/15/2025 8:22:46 AM,48.211662,48.06307,83.502106,83
7/15/2025 8:22:47 AM,48.211662,48.07,83.362252364,83
7/15/2025 8:22:48 AM,48.211662,48.07,83.21135,83
7/15/2025 8:22:49 AM,48.211662,48.07,83.21135,83
7/15/2025 8:22:50 AM,48.211662,47.93896,83.21135,83
7/15/2025 8:22:51 AM,48.211662,47.93,82.77812803,83
7/15/2025 8:22:52 AM,48.09320355,48.08895,82.30692,83
7/15/2025 8:22:53 AM,48.078712,48.1,82.30692,83
7/15/2025 8:22:54 AM,48.078712,47.99715,82.30692,83
7/15/2025 8:22:55 AM,48.078712,47.99,82.30692,83
7/15/2025 8:22:56 AM,48.078712,47.97132,82.30692,83
7/15/2025 8:22:57 AM,48.078712,47.97,82.91072091,83
7/15/2025 8:22:58 AM,48.078712,47.84884,83.57275,83
7/15/2025 8:22:59 AM,48.078712,47.84,83.57275,83
7/15/2025 8:23:00 AM,48.078712,47.8493,83.57275,83
7/15/2025 8:23:01 AM,48.078712,47.85,83.55346996,83
7/15/2025 8:23:02 AM,48.078712,47.77568,83.52913,83
7/15/2025 8:23:03 AM,48.078712,47.77,83.52913,83
7/15/2025 8:23:04 AM,48.031902848,47.77,83.52913,83
7/15/2025 8:23:05 AM,48.02588,47.77,83.52913,83
7/15/2025 8:23:06 AM,48.02588,47.77,83.52913,83
7/15/2025 8:23:07 AM,48.02588,47.77,83.20904836,83
7/15/2025 8:23:08 AM,48.02588,47.992,82.79835,83
7/15/2025 8:23:09 AM,48.02588,48.01,82.79835,83
7/15/2025 8:23:10 AM,48.02588,47.9545,82.79835,83
7/15/2025 8:23:11 AM,48.02588,47.95,82.91181705,83
7/15/2025 8:23:12 AM,47.99643195,47.9315,83.058,83
7/15/2025 8:23:13 AM,47.99253,47.93,83.058,83
7/15/2025 8:23:14 AM,47.99253,48.05936,83.058,83
7/15/2025 8:23:15 AM,47.99253,48.07,83.058,83
7/15/2025 8:23:16 AM,47.99253,48.10688,83.058,83
7/15/2025 8:23:17 AM,47.99253,48.11,83.01114102,83
7/15/2025 8:23:18 AM,47.99253,48.11,82.95003,83
7/15/2025 8:23:19 AM,47.99253,48.11,82.95003,83
7/15/2025 8:23:20 AM,47.99253,47.93615,82.95003,83
7/15/2025 8:23:21 AM,47.99253,47.92,83.00995488,83
7/15/2025 8:23:22 AM,47.99253,48.0298,83.088745,83
7/15/2025 8:23:23 AM,47.99253,48.04,83.088745,83
7/15/2025 8:23:24 AM,47.99253,47.9668,83.088745,83
7/15/2025 8:23:25 AM,47.99253,47.96,83.088745,83
7/15/2025 8:23:26 AM,47.99253,48.1238,83.088745,83
7/15/2025 8:23:27 AM,47.99253,48.14,83.719604515,83
7/15/2025 8:23:28 AM,47.99253,47.867,84.55928,83
7/15/2025 8:23:29 AM,47.99253,47.84,84.55928,83
7/15/2025 8:23:30 AM,47.99253,48.01271,84.55928,83
7/15/2025 8:23:31 AM,47.99253,48.03,84.023360924,83
7/15/2025 8:23:32 AM,47.99253,47.99364,83.301254,83
7/15/2025 8:23:33 AM,47.99253,47.99,83.301254,83
7/15/2025 8:23:34 AM,47.93818296,47.98092,83.301254,83
7/15/2025 8:23:35 AM,47.93049,47.98,83.301254,83
7/15/2025 8:23:36 AM,47.93049,48.00721,83.301254,83
7/15/2025 8:23:37 AM,47.93049,48.01,83.366085518,83
7/15/2025 8:23:38 AM,47.93049,47.97384,83.45452,83
7/15/2025 8:23:39 AM,47.93049,47.97,83.45452,83
7/15/2025 8:23:40 AM,47.93049,48.13254,83.45452,83
7/15/2025 8:23:41 AM,47.93049,48.15,83.3599664,83
7/15/2025 8:23:42 AM,47.93049,47.98782,83.22668,83
7/15/2025 8:23:43 AM,47.93049,47.97,83.22668,83
7/15/2025 8:23:44 AM,47.93049,47.97902,83.22668,83
7/15/2025 8:23:45 AM,47.93049,47.98,83.22668,83
7/15/2025 8:23:46 AM,47.93049,48.0249,83.22668,83
7/15/2025 8:23:47 AM,47.93049,48.03,83.29296629,83
7/15/2025 8:23:48 AM,47.93049,47.85919,83.386406,83
7/15/2025 8:23:49 AM,47.93049,47.84,83.386406,83
7/15/2025 8:23:50 AM,47.93049,47.71428,83.386406,83
7/15/2025 8:23:51 AM,47.93049,47.7,83.297516564,83
7/15/2025 8:23:52 AM,47.93049,47.76279,83.17013,83
7/15/2025 8:23:53 AM,47.93049,47.77,83.17013,83
7/15/2025 8:23:54 AM,47.93049,47.71624,83.17013,83
7/15/2025 8:23:55 AM,47.93049,47.71,83.17013,83
7/15/2025 8:23:56 AM,47.93049,47.6921,83.17013,83
7/15/2025 8:23:57 AM,47.93049,47.69,82.952528516,83
7/15/2025 8:23:58 AM,47.93049,47.8502,82.640686,83
7/15/2025 8:23:59 AM,47.93049,47.87,82.640686,83
7/15/2025 8:24:00 AM,47.93049,47.87,82.640686,83
7/15/2025 8:24:01 AM,47.93049,47.87,82.87120194,83
7/15/2025 8:24:02 AM,47.83388778,47.94104,83.20292,83
7/15/2025 8:24:03 AM,47.8179,47.95,83.20292,83
7/15/2025 8:24:04 AM,47.8179,47.92342,83.20292,83
7/15/2025 8:24:05 AM,47.8179,47.92,83.20292,83
7/15/2025 8:24:06 AM,47.8179,47.7883,83.20292,83
7/15/2025 8:24:07 AM,47.8179,47.77,82.72017382,83
7/15/2025 8:24:08 AM,47.8179,47.9548,82.01389,83
7/15/2025 8:24:09 AM,47.8179,47.98,82.01389,83
7/15/2025 8:24:10 AM,47.8179,47.90976,82.01389,83
7/15/2025 8:24:11 AM,47.8179,47.9,82.31285,83
7/15/2025 8:24:12 AM,47.8179,48.04048,82.75389,83
7/15/2025 8:24:13 AM,47.8179,48.06,82.75389,83
7/15/2025 8:24:14 AM,47.8179,47.92048,82.75389,83
7/15/2025 8:24:15 AM,47.8179,47.9,82.75389,83
7/15/2025 8:24:16 AM,47.8179,47.9,82.75389,83
7/15/2025 8:24:17 AM,47.8179,47.9,82.802294,83
7/15/2025 8:24:18 AM,47.8179,47.99592,82.8749,83
7/15/2025 8:24:19 AM,47.8179,48.01,82.8749,83
7/15/2025 8:24:20 AM,47.8179,48.01,82.8749,83
7/15/2025 8:24:21 AM,47.8179,48.01,82.79648059,83
7/15/2025 8:24:22 AM,47.8179,48.07069,82.67737,83
7/15/2025 8:24:23 AM,47.8179,48.08,82.67737,83
7/15/2025 8:24:24 AM,47.8179,47.97596,82.67737,83
7/15/2025 8:24:25 AM,47.8179,47.96,82.67737,83
7/15/2025 8:24:26 AM,47.8179,48.06284,82.67737,83
7/15/2025 8:24:27 AM,47.8179,48.08,82.70602456,83
7/15/2025 8:24:28 AM,47.8179,48.02828,82.74973,83
7/15/2025 8:24:29 AM,47.8179,48.02,83.14838716,83
7/15/2025 8:24:30 AM,47.8179,47.8996,83.75644,83
7/15/2025 8:24:31 AM,47.8179,47.88,83.75644,83
7/15/2025 8:24:32 AM,47.8179,47.88,83.75644,83
7/15/2025 8:24:33 AM,47.8179,47.88,83.75644,83
7/15/2025 8:24:34 AM,47.8179,47.90571,83.75644,83
7/15/2025 8:24:35 AM,47.8179,47.91,83.4288352,83
7/15/2025 8:24:36 AM,47.8179,47.98713,82.92284,83
7/15/2025 8:24:37 AM,47.8179,48,82.92284,83
7/15/2025 8:24:38 AM,47.8179,48,82.92284,83
7/15/2025 8:24:39 AM,47.8179,48,83.08138659,83
7/15/2025 8:24:40 AM,47.8179,47.97444,83.32833,83
7/15/2025 8:24:41 AM,47.8179,47.97,83.32833,83
7/15/2025 8:24:42 AM,47.8179,48.04686,83.32833,83
7/15/2025 8:24:43 AM,47.8179,48.06,83.32833,83
7/15/2025 8:24:44 AM,47.8179,47.93205,83.32833,83
7/15/2025 8:24:45 AM,47.8179,47.91,83.27773362,83
7/15/2025 8:24:46 AM,47.705935316,47.9949,83.19759,83
7/15/2025 8:24:47 AM,47.678986,48.01,83.19759,83
7/15/2025 8:24:48 AM,47.678986,47.8588,83.19759,83
7/15/2025 8:24:49 AM,47.678986,47.83,82.95014856,83
7/15/2025 8:24:50 AM,47.678986,47.93128,82.55655,83
7/15/2025 8:24:51 AM,47.678986,47.95,82.55655,83
7/15/2025 8:24:52 AM,47.678986,47.89942,82.55655,83
7/15/2025 8:24:53 AM,47.678986,47.89,82.55655,83
7/15/2025 8:24:54 AM,47.678986,47.95736,82.55655,83
7/15/2025 8:24:55 AM,47.678986,47.97,83.07534744,83
7/15/2025 8:24:56 AM,47.678986,47.81916,83.907585,83
7/15/2025 8:24:57 AM,47.678986,47.79,83.545866335,83
7/15/2025 8:24:58 AM,47.63907224,47.82348,82.968056,83
7/15/2025 8:24:59 AM,47.628906,47.83,82.968056,83
7/15/2025 8:25:00 AM,47.628906,47.7881,82.968056,83
7/15/2025 8:25:01 AM,47.628906,47.78,82.968056,83
7/15/2025 8:25:02 AM,47.628906,47.78,82.968056,83
7/15/2025 8:25:03 AM,47.628906,47.78,82.96257032,83
7/15/2025 8:25:04 AM,47.628906,47.8636,82.95362,83
7/15/2025 8:25:05 AM,47.628906,47.88,82.99894461,83
7/15/2025 8:25:06 AM,47.628906,47.82162,83.07321,83
7/15/2025 8:25:07 AM,47.628906,47.81,83.07321,83
7/15/2025 8:25:08 AM,47.59215204,47.88506,83.07321,83
7/15/2025 8:25:09 AM,47.582382,47.9,83.07321,83
7/15/2025 8:25:10 AM,47.582382,47.94998,83.07321,83
7/15/2025 8:25:11 AM,47.582382,47.96,83.059763918,83
7/15/2025 8:25:12 AM,47.582382,47.90176,83.037544,83
7/15/2025 8:25:13 AM,47.582382,47.89,82.75457125,83
7/15/2025 8:25:14 AM,47.582382,48.07304,82.28295,83
7/15/2025 8:25:15 AM,47.582382,48.11,82.28295,83
7/15/2025 8:25:16 AM,47.582382,48.0273,82.28295,83
7/15/2025 8:25:17 AM,47.582382,48.01,82.28295,83
7/15/2025 8:25:18 AM,47.55130816,48.01827,82.28295,83
7/15/2025 8:25:19 AM,47.542747,48.02,82.53247149,83
7/15/2025 8:25:20 AM,47.542747,47.99522,82.95916,83
7/15/2025 8:25:21 AM,47.542747,47.99,82.95916,83
7/15/2025 8:25:22 AM,47.542747,47.99,82.95916,83
7/15/2025 8:25:23 AM,47.542747,47.99,83.36425248,83
7/15/2025 8:25:24 AM,47.542747,47.81224,84.0782,83
7/15/2025 8:25:25 AM,47.542747,47.77,84.0782,83
7/15/2025 8:25:26 AM,47.542747,47.90719,84.0782,83
7/15/2025 8:25:27 AM,47.542747,47.94,84.0782,83
7/15/2025 8:25:28 AM,47.542747,47.90772,84.0782,83
7/15/2025 8:25:29 AM,47.542747,47.9,83.78547858,83
7/15/2025 8:25:30 AM,47.542747,47.8194,83.26282,83
7/15/2025 8:25:31 AM,47.542747,47.8,83.26282,83
7/15/2025 8:25:32 AM,47.542747,47.9127,83.26282,83
7/15/2025 8:25:33 AM,47.542747,47.94,83.37088747,83
7/15/2025 8:25:34 AM,47.542747,47.88372,83.56553,83
7/15/2025 8:25:35 AM,47.542747,47.87,83.2963228,83
7/15/2025 8:25:36 AM,47.542747,47.98242,82.80933,83
7/15/2025 8:25:37 AM,47.542747,48.01,82.80933,83
7/15/2025 8:25:38 AM,47.542747,47.9299,82.80933,83
7/15/2025 8:25:39 AM,47.542747,47.91,82.80933,83
7/15/2025 8:25:40 AM,47.542747,47.91,82.80933,83
7/15/2025 8:25:41 AM,47.542747,47.91,82.90590414,83
7/15/2025 8:25:42 AM,47.542747,47.94192,83.08447,83
7/15/2025 8:25:43 AM,47.542747,47.95,83.08447,83
7/15/2025 8:25:44 AM,47.542747,48.0922,83.08447,83
7/15/2025 8:25:45 AM,47.542747,48.13,83.088646134,83
7/15/2025 8:25:46 AM,47.542747,48.0106,83.096436,83
7/15/2025 8:25:47 AM,47.542747,47.98,83.096436,83
7/15/2025 8:25:48 AM,47.542747,48.14674,83.096436,83
7/15/2025 8:25:49 AM,47.542747,48.19,83.096436,83
7/15/2025 8:25:50 AM,47.542747,47.96061,83.096436,83
7/15/2025 8:25:51 AM,47.542747,47.9,82.911798816,83
7/15/2025 8:25:52 AM,47.542747,48.0027,82.5597,83
7/15/2025 8:25:53 AM,47.542747,48.03,82.5597,83
7/15/2025 8:25:54 AM,47.467706785,47.95899,82.5597,83
7/15/2025 8:25:55 AM,47.443092,47.94,82.74739816,83
7/15/2025 8:25:56 AM,47.443092,48.03444,83.11502,83
7/15/2025 8:25:57 AM,47.443092,48.06,83.11502,83
7/15/2025 8:25:58 AM,47.443092,47.99728,83.11502,83
7/15/2025 8:25:59 AM,47.443092,47.98,83.11502,83
7/15/2025 8:26:00 AM,47.443092,48.01112,83.11502,83
7/15/2025 8:26:01 AM,47.443092,48.02,83.132753448,83
7/15/2025 8:26:02 AM,47.443092,48.09011,83.168434,83
7/15/2025 8:26:03 AM,47.443092,48.11,83.168434,83
7/15/2025 8:26:04 AM,47.443092,48.11,83.168434,83
7/15/2025 8:26:05 AM,47.443092,48.11,83.031904264,83
7/15/2025 8:26:06 AM,47.443092,48.1875,82.75345,83
7/15/2025 8:26:07 AM,47.443092,48.21,82.75345,83
7/15/2025 8:26:08 AM,47.443092,48.14808,82.75345,83
7/15/2025 8:26:09 AM,47.443092,48.13,82.75345,83
7/15/2025 8:26:10 AM,47.443092,48.10681,82.75345,83
7/15/2025 8:26:11 AM,47.443092,48.1,82.84695575,83
7/15/2025 8:26:12 AM,47.443092,48.10766,83.04116,83
7/15/2025 8:26:13 AM,47.443092,48.11,82.93281575,83
7/15/2025 8:26:14 AM,47.443092,48.14835,82.69721,83
7/15/2025 8:26:15 AM,47.443092,48.16,82.69721,83
7/15/2025 8:26:16 AM,47.443092,48.17534,82.69721,83
7/15/2025 8:26:17 AM,47.443092,48.18,82.69721,83
7/15/2025 8:26:18 AM,47.443092,48.18,82.69721,83
7/15/2025 8:26:19 AM,47.443092,48.18,82.69721,83
7/15/2025 8:26:20 AM,47.443092,48.18,82.69721,83
7/15/2025 8:26:21 AM,47.443092,48.18,82.8646937,83
7/15/2025 8:26:22 AM,47.443092,48.00451,83.23748,83
7/15/2025 8:26:23 AM,47.443092,47.95,83.37676446,83
7/15/2025 8:26:24 AM,47.443092,47.8968,83.68534,83
7/15/2025 8:26:25 AM,47.443092,47.88,83.68534,83
7/15/2025 8:26:26 AM,47.443092,47.96338,83.68534,83
7/15/2025 8:26:27 AM,47.443092,47.99,83.68534,83
7/15/2025 8:26:28 AM,47.443092,47.99,83.68534,83
7/15/2025 8:26:29 AM,47.443092,47.99,83.39268224,83
7/15/2025 8:26:30 AM,47.340400848,48.1034,82.72265,83
7/15/2025 8:26:31 AM,47.29866,48.14,82.72265,83
7/15/2025 8:26:32 AM,47.29866,47.92832,82.72265,83
7/15/2025 8:26:33 AM,47.29866,47.86,82.36574048,83
7/15/2025 8:26:34 AM,47.29866,48.06385,81.37072,83
7/15/2025 8:26:35 AM,47.29866,48.13,81.37072,83
7/15/2025 8:26:36 AM,47.29866,48.08488,81.37072,83
7/15/2025 8:26:37 AM,47.29866,48.07,81.37072,83
7/15/2025 8:26:38 AM,47.291707362,47.94952,81.37072,83
7/15/2025 8:26:39 AM,47.288826,47.91,81.63814786,83
7/15/2025 8:26:40 AM,47.288826,48.00024,82.40326,83
7/15/2025 8:26:41 AM,47.288826,48.03,82.40326,83
7/15/2025 8:26:42 AM,47.288826,47.9553,82.40326,83
7/15/2025 8:26:43 AM,47.288826,47.93,82.37554693,83
7/15/2025 8:26:44 AM,47.288826,48.01184,82.295845,83
7/15/2025 8:26:45 AM,47.288826,48.04,82.295845,83
7/15/2025 8:26:46 AM,47.288826,47.95084,82.295845,83
7/15/2025 8:26:47 AM,47.288826,47.92,82.227293605,83
7/15/2025 8:26:48 AM,47.288826,48.0532,82.027016,83
7/15/2025 8:26:49 AM,47.288826,48.1,82.027016,83
7/15/2025 8:26:50 AM,47.288826,48.13695,82.027016,83
7/15/2025 8:26:51 AM,47.288826,48.15,82.027016,83
7/15/2025 8:26:52 AM,47.288826,48.15738,82.027016,83
7/15/2025 8:26:53 AM,47.288826,48.16,82.29775817,83
7/15/2025 8:26:54 AM,47.288826,48.16,83.08875,83
7/15/2025 8:26:55 AM,47.288826,48.16,83.08875,83
7/15/2025 8:26:56 AM,47.288826,48.03505,83.08875,83
7/15/2025 8:26:57 AM,47.288826,47.99,83.19079064,83
7/15/2025 8:26:58 AM,47.288826,47.90192,83.50187,83
7/15/2025 8:26:59 AM,47.288826,47.87,83.50187,83
7/15/2025 8:27:00 AM,47.288826,47.87733,83.50187,83
7/15/2025 8:27:01 AM,47.288826,47.88,83.50187,83
7/15/2025 8:27:02 AM,47.222707428,47.88,83.50187,83
7/15/2025 8:27:03 AM,47.19464,47.88,83.56114285,83
7/15/2025 8:27:04 AM,47.19464,47.79959,83.7438,83
7/15/2025 8:27:05 AM,47.19464,47.77,83.7438,83
7/15/2025 8:27:06 AM,47.19464,47.9306,83.7438,83
7/15/2025 8:27:07 AM,47.19464,47.99,83.87128704,83
7/15/2025 8:27:08 AM,47.17133727,47.76401,84.26204,83
7/15/2025 8:27:09 AM,47.161255,47.68,84.26204,83
7/15/2025 8:27:10 AM,47.161255,47.86928,84.26204,83
7/15/2025 8:27:11 AM,47.161255,47.94,84.26204,83
7/15/2025 8:27:12 AM,47.161255,47.94,84.26204,83
7/15/2025 8:27:13 AM,47.161255,47.94,83.796834326,83
7/15/2025 8:27:14 AM,47.161255,47.97635,82.331726,83
7/15/2025 8:27:15 AM,47.161255,47.99,82.331726,83
7/15/2025 8:27:16 AM,47.161255,47.91014,82.331726,83
7/15/2025 8:27:17 AM,47.161255,47.88,82.437827421,83
7/15/2025 8:27:18 AM,47.161255,47.996,82.775665,83
7/15/2025 8:27:19 AM,47.161255,48.04,82.775665,83
7/15/2025 8:27:20 AM,47.161255,47.90968,82.775665,83
7/15/2025 8:27:21 AM,47.161255,47.86,82.775665,83
7/15/2025 8:27:22 AM,47.133224026,47.9029,82.775665,83
7/15/2025 8:27:23 AM,47.120453,47.92,82.958111155,83
7/15/2025 8:27:24 AM,47.120453,47.8771,83.54548,83
7/15/2025 8:27:25 AM,47.120453,47.86,83.54548,83
7/15/2025 8:27:26 AM,47.11380452,47.88148,83.54548,83
7/15/2025 8:27:27 AM,47.110733,47.89,83.6202429,83
7/15/2025 8:27:28 AM,47.110733,47.76896,83.86362,83
7/15/2025 8:27:29 AM,47.110733,47.72,83.86362,83
7/15/2025 8:27:30 AM,47.083379344,47.862,83.86362,83
7/15/2025 8:27:31 AM,47.070625,47.92,83.86362,83
7/15/2025 8:27:32 AM,47.070625,47.92,83.86362,83
7/15/2025 8:27:33 AM,47.070625,47.92,83.69272149,83
7/15/2025 8:27:34 AM,47.070625,47.89873,83.13015,83
7/15/2025 8:27:35 AM,47.070625,47.89,83.13015,83
7/15/2025 8:27:36 AM,47.070625,47.9184,83.13015,83
7/15/2025 8:27:37 AM,47.070625,47.93,83.01342641,83
7/15/2025 8:27:38 AM,47.070625,48.02204,82.62044,83
7/15/2025 8:27:39 AM,47.070625,48.06,82.62044,83
7/15/2025 8:27:40 AM,47.070625,47.91153,82.62044,83
7/15/2025 8:27:41 AM,47.070625,47.85,82.62044,83
7/15/2025 8:27:42 AM,47.070625,48.03304,82.62044,83
7/15/2025 8:27:43 AM,47.070625,48.11,82.8719427,83
7/15/2025 8:27:44 AM,47.070625,48.0113,83.79022,83
7/15/2025 8:27:45 AM,47.070625,47.97,83.79022,83
7/15/2025 8:27:46 AM,47.070625,47.96297,83.79022,83
7/15/2025 8:27:47 AM,47.070625,47.96,83.61468325,83
7/15/2025 8:27:48 AM,47.070625,48.0302,82.97377,83
7/15/2025 8:27:49 AM,47.070625,48.06,82.97377,83
7/15/2025 8:27:50 AM,47.070625,48.0249,82.97377,83
7/15/2025 8:27:51 AM,47.070625,48.01,82.97377,83
7/15/2025 8:27:52 AM,47.070625,48.01693,82.97377,83
7/15/2025 8:27:53 AM,47.070625,48.02,82.81882848,83
7/15/2025 8:27:54 AM,47.070625,48.09667,82.23945,83
7/15/2025 8:27:55 AM,47.070625,48.13,82.23945,83
7/15/2025 8:27:56 AM,47.070625,48.0466,82.23945,83
7/15/2025 8:27:57 AM,47.070625,48.01,82.47057729,83
7/15/2025 8:27:58 AM,47.070625,47.98921,83.33484,83
7/15/2025 8:27:59 AM,47.070625,47.98,83.33484,83
7/15/2025 8:28:00 AM,47.070625,48.10474,83.33484,83
7/15/2025 8:28:01 AM,47.070625,48.16,83.33484,83
7/15/2025 8:28:02 AM,47.070625,48.0013,83.33484,83
7/15/2025 8:28:03 AM,47.070625,47.93,82.94997389,83
7/15/2025 8:28:04 AM,47.070625,48.1508,81.51083,83
7/15/2025 8:28:05 AM,47.070625,48.25,81.51083,83
7/15/2025 8:28:06 AM,47.070625,48.25,81.51083,83
7/15/2025 8:28:07 AM,47.070625,48.25,81.93809867,83
7/15/2025 8:28:08 AM,47.070625,48.17454,83.5358,83
7/15/2025 8:28:09 AM,47.070625,48.14,83.5358,83
7/15/2025 8:28:10 AM,47.00407176,48.20165,83.5358,83
7/15/2025 8:28:11 AM,46.969017,48.23,83.5358,83
7/15/2025 8:28:12 AM,46.969017,48.18944,83.5358,83
7/15/2025 8:28:13 AM,46.969017,48.17,83.56441144,83
7/15/2025 8:28:14 AM,46.969017,48.068,83.673355,83
7/15/2025 8:28:15 AM,46.969017,48.02,83.414297605,83
7/15/2025 8:28:16 AM,46.969017,48.14901,82.42187,83
7/15/2025 8:28:17 AM,46.969017,48.21,82.42187,83
7/15/2025 8:28:18 AM,46.969017,48.19646,82.42187,83
7/15/2025 8:28:19 AM,46.969017,48.19,82.42187,83
7/15/2025 8:28:20 AM,46.969017,48.19,82.42187,83
7/15/2025 8:28:21 AM,46.969017,48.19,82.4099144,83
7/15/2025 8:28:22 AM,46.969017,48.23068,82.36355,83
7/15/2025 8:28:23 AM,46.969017,48.25,82.36355,83
7/15/2025 8:28:24 AM,46.969017,48.25,82.36355,83
7/15/2025 8:28:25 AM,46.969017,48.25,82.54050301,83
7/15/2025 8:28:26 AM,46.969017,48.29669,83.239555,83
7/15/2025 8:28:27 AM,46.969017,48.32,83.239555,83
7/15/2025 8:28:28 AM,46.913745784,48.2868,83.239555,83
7/15/2025 8:28:29 AM,46.882385,48.27,83.239555,83
7/15/2025 8:28:30 AM,46.882385,48.31606,83.239555,83
7/15/2025 8:28:31 AM,46.882385,48.34,83.33421187,83
7/15/2025 8:28:32 AM,46.882385,48.28078,83.71762,83
7/15/2025 8:28:33 AM,46.882385,48.25,83.71762,83
7/15/2025 8:28:34 AM,46.882385,48.34198,83.71762,83
7/15/2025 8:28:35 AM,46.882385,48.39,83.5503536,83
7/15/2025 8:28:36 AM,46.876198984,48.42936,82.86422,83
7/15/2025 8:28:37 AM,46.872597,48.45,82.86422,83
7/15/2025 8:28:38 AM,46.872597,48.45,82.86422,83
7/15/2025 8:28:39 AM,46.872597,48.45,82.86422,83
7/15/2025 8:28:40 AM,46.872597,48.37152,82.86422,83
7/15/2025 8:28:41 AM,46.872597,48.33,82.85157425,83
7/15/2025 8:28:42 AM,46.872597,48.36912,82.79937,83
7/15/2025 8:28:43 AM,46.872597,48.39,82.79937,83
7/15/2025 8:28:44 AM,46.872597,48.22048,82.79937,83
7/15/2025 8:28:45 AM,46.872597,48.13,82.71042703,83
7/15/2025 8:28:46 AM,46.872597,48.2203,82.3337,83
7/15/2025 8:28:47 AM,46.872597,48.27,82.3337,83
7/15/2025 8:28:48 AM,46.872597,48.15534,82.3337,83
7/15/2025 8:28:49 AM,46.872597,48.09,82.3337,83
7/15/2025 8:28:50 AM,46.831005544,48.26864,82.3337,83
7/15/2025 8:28:51 AM,46.80419,48.37,82.64109149,83
7/15/2025 8:28:52 AM,46.80419,48.18498,83.96011,83
7/15/2025 8:28:53 AM,46.80419,48.08,83.96011,83
7/15/2025 8:28:54 AM,46.80419,48.1437,83.96011,83
7/15/2025 8:28:55 AM,46.80419,48.18,83.893221424,83
7/15/2025 8:28:56 AM,46.80419,48.18,83.600494,83
7/15/2025 8:28:57 AM,46.80419,48.18,83.600494,83
7/15/2025 8:28:58 AM,46.80419,48.12928,83.600494,83
7/15/2025 8:28:59 AM,46.80419,48.1,83.600494,83
7/15/2025 8:29:00 AM,46.80419,48.10632,83.600494,83
7/15/2025 8:29:01 AM,46.80419,48.11,83.646066976,83
7/15/2025 8:29:02 AM,46.80419,48.04125,83.84551,83
7/15/2025 8:29:03 AM,46.80419,48,83.84551,83
7/15/2025 8:29:04 AM,46.80419,48.08722,83.84551,83
7/15/2025 8:29:05 AM,46.80419,48.14,83.73334339,83
7/15/2025 8:29:06 AM,46.78745252,48.07543,83.239204,83
7/15/2025 8:29:07 AM,46.774826,48.03,83.239204,83
7/15/2025 8:29:08 AM,46.774826,48.04148,83.239204,83
7/15/2025 8:29:09 AM,46.774826,48.05,83.239204,83
7/15/2025 8:29:10 AM,46.774826,48.08462,83.239204,83
7/15/2025 8:29:11 AM,46.774826,48.11,83.196409816,83
7/15/2025 8:29:12 AM,46.774826,48.11577,83.005356,83
7/15/2025 8:29:13 AM,46.774826,48.12,82.96927572,83
7/15/2025 8:29:14 AM,46.774826,48.09115,82.80491,83
7/15/2025 8:29:15 AM,46.774826,48.07,82.80491,83
7/15/2025 8:29:16 AM,46.774826,48.15078,82.80491,83
7/15/2025 8:29:17 AM,46.774826,48.21,82.80491,83
7/15/2025 8:29:18 AM,46.774826,48.07176,82.80491,83
7/15/2025 8:29:19 AM,46.774826,47.97,82.84599456,83
7/15/2025 8:29:20 AM,46.774826,48.07314,83.038345,83
7/15/2025 8:29:21 AM,46.774826,48.15,83.038345,83
7/15/2025 8:29:22 AM,46.774826,48.1158,83.038345,83
7/15/2025 8:29:23 AM,46.774826,48.09,82.793536625,83
7/15/2025 8:29:24 AM,46.774826,48.16384,81.63944,83
7/15/2025 8:29:25 AM,46.774826,48.22,81.63944,83
7/15/2025 8:29:26 AM,46.774826,48.2145,81.63944,83
7/15/2025 8:29:27 AM,46.774826,48.21,81.63944,83
7/15/2025 8:29:28 AM,46.774826,48.21,81.63944,83
7/15/2025 8:29:29 AM,46.774826,48.21,81.851952508,83
7/15/2025 8:29:30 AM,46.723464262,48.30792,82.867836,83
7/15/2025 8:29:31 AM,46.67662,48.39,82.867836,83
7/15/2025 8:29:32 AM,46.67662,48.42246,82.867836,83
7/15/2025 8:29:33 AM,46.67662,48.45,83.04747143,83
7/15/2025 8:29:34 AM,46.67662,48.3366,83.924515,83
7/15/2025 8:29:35 AM,46.67662,48.24,83.924515,83
7/15/2025 8:29:36 AM,46.67662,48.33702,83.924515,83
7/15/2025 8:29:37 AM,46.67662,48.42,83.924515,83
7/15/2025 8:29:38 AM,46.67662,48.33392,83.924515,83
7/15/2025 8:29:39 AM,46.67662,48.26,83.68166779,83
7/15/2025 8:29:40 AM,46.67662,48.26,82.46158,83
7/15/2025 8:29:41 AM,46.67662,48.26,82.46158,83
7/15/2025 8:29:42 AM,46.67662,48.35684,82.46158,83
7/15/2025 8:29:43 AM,46.67662,48.44,82.62371461,83
7/15/2025 8:29:44 AM,46.67662,48.39167,83.444214,83
7/15/2025 8:29:45 AM,46.67662,48.35,83.444214,83
7/15/2025 8:29:46 AM,46.67662,48.32864,83.444214,83
7/15/2025 8:29:47 AM,46.67662,48.31,83.444214,83
7/15/2025 8:29:48 AM,46.67662,48.31,83.444214,83
7/15/2025 8:29:49 AM,46.67662,48.31,83.341872424,83
7/15/2025 8:29:50 AM,46.67662,48.2299,82.82018,83
7/15/2025 8:29:51 AM,46.67662,48.16,82.83532376,83
7/15/2025 8:29:52 AM,46.67662,48.20797,82.91252,83
7/15/2025 8:29:53 AM,46.67662,48.25,82.91252,83
7/15/2025 8:29:54 AM,46.67662,48.26066,82.91252,83
7/15/2025 8:29:55 AM,46.67662,48.27,82.91252,83
7/15/2025 8:29:56 AM,46.67662,48.22212,82.91252,83
7/15/2025 8:29:57 AM,46.67662,48.18,82.7784352,83
7/15/2025 8:29:58 AM,46.67662,48.29704,82.07449,83
7/15/2025 8:29:59 AM,46.67662,48.4,82.07449,83
7/15/2025 8:30:00 AM,46.67662,48.4265,82.07449,83
7/15/2025 8:30:01 AM,46.67662,48.45,82.3379807,83
7/15/2025 8:30:02 AM,46.67662,48.42355,83.77443,83
7/15/2025 8:30:03 AM,46.67662,48.4,83.77443,83
7/15/2025 8:30:04 AM,46.67662,48.35239,83.77443,83
7/15/2025 8:30:05 AM,46.67662,48.31,83.77443,83
7/15/2025 8:30:06 AM,46.67662,48.35224,83.77443,83
7/15/2025 8:30:07 AM,46.67662,48.39,83.786274325,83
7/15/2025 8:30:08 AM,46.67662,48.39,83.850845,83
7/15/2025 8:30:09 AM,46.67662,48.39,83.850845,83
7/15/2025 8:30:10 AM,46.67662,48.20064,83.850845,83
7/15/2025 8:30:11 AM,46.67662,48.03,83.726469005,83
7/15/2025 8:30:12 AM,46.67662,48.06668,83.03793,83
7/15/2025 8:30:13 AM,46.67662,48.1,83.03793,83
7/15/2025 8:30:14 AM,46.67662,48.1,83.03793,83
7/15/2025 8:30:15 AM,46.67662,48.1,83.03793,83
7/15/2025 8:30:16 AM,46.67662,48.08455,83.03793,83
7/15/2025 8:30:17 AM,46.67662,48.07,82.9587825,83
7/15/2025 8:30:18 AM,46.67662,48.07,82.51028,83
7/15/2025 8:30:19 AM,46.67662,48.07,82.51028,83
7/15/2025 8:30:20 AM,46.67662,48.03904,82.51028,83
7/15/2025 8:30:21 AM,46.67662,48.01,82.51096474,83
7/15/2025 8:30:22 AM,46.67662,48.04605,82.51497,83
7/15/2025 8:30:23 AM,46.67662,48.08,82.51497,83
7/15/2025 8:30:24 AM,46.67662,47.9627,82.51497,83
7/15/2025 8:30:25 AM,46.67662,47.85,82.51497,83
7/15/2025 8:30:26 AM,46.67662,47.85511,82.51497,83
7/15/2025 8:30:27 AM,46.67662,47.86,82.54306728,83
7/15/2025 8:30:28 AM,46.67662,47.84984,82.71009,83
7/15/2025 8:30:29 AM,46.67662,47.84,82.71009,83
7/15/2025 8:30:30 AM,46.67662,47.84,82.71009,83
7/15/2025 8:30:31 AM,46.67662,47.84,82.70644207,83
7/15/2025 8:30:32 AM,46.67662,47.9414,82.68458,83
7/15/2025 8:30:33 AM,46.67662,48.04,82.68458,83
7/15/2025 8:30:34 AM,46.67662,47.97422,82.68458,83
7/15/2025 8:30:35 AM,46.67662,47.91,82.68458,83
7/15/2025 8:30:36 AM,46.563790462,47.95048,82.68458,83
7/15/2025 8:30:37 AM,46.438583,47.99,82.79091056,83
7/15/2025 8:30:38 AM,46.438583,47.99,83.444084,83
7/15/2025 8:30:39 AM,46.438583,47.99,83.389978916,83
7/15/2025 8:30:40 AM,46.438583,47.93456,83.06036,83
7/15/2025 8:30:41 AM,46.438583,47.88,83.06036,83
7/15/2025 8:30:42 AM,46.438583,47.88,83.06036,83
7/15/2025 8:30:43 AM,46.438583,47.88,83.06036,83
7/15/2025 8:30:44 AM,46.438583,47.89458,83.06036,83
7/15/2025 8:30:45 AM,46.438583,47.91,83.08765452,83
7/15/2025 8:30:46 AM,46.438583,47.87591,83.261055,83
7/15/2025 8:30:47 AM,46.438583,47.84,83.261055,83
7/15/2025 8:30:48 AM,46.438583,47.90318,83.261055,83
7/15/2025 8:30:49 AM,46.438583,47.97,83.368542275,83
7/15/2025 8:30:50 AM,46.438583,47.88738,84.06923,83
7/15/2025 8:30:51 AM,46.438583,47.8,84.06923,83
7/15/2025 8:30:52 AM,46.407675786,47.88748,84.06923,83
7/15/2025 8:30:53 AM,46.3711,47.98,84.06923,83
7/15/2025 8:30:54 AM,46.3711,47.90725,84.06923,83
7/15/2025 8:30:55 AM,46.3711,47.83,83.92116494,83
7/15/2025 8:30:56 AM,46.3711,47.83,82.947525,83
7/15/2025 8:30:57 AM,46.3711,47.83,82.947525,83
7/15/2025 8:30:58 AM,46.3711,47.84932,82.947525,83
7/15/2025 8:30:59 AM,46.3711,47.87,82.963248125,83
7/15/2025 8:31:00 AM,46.3711,47.84605,83.07331,83
7/15/2025 8:31:01 AM,46.3711,47.82,83.07331,83
7/15/2025 8:31:02 AM,46.3711,47.83912,83.07331,83
7/15/2025 8:31:03 AM,46.3711,47.86,83.07331,83
7/15/2025 8:31:04 AM,46.3711,47.78368,83.07331,83
7/15/2025 8:31:05 AM,46.3711,47.7,83.12651728,83
7/15/2025 8:31:06 AM,46.3711,47.7,83.49559,83
7/15/2025 8:31:07 AM,46.3711,47.7,83.49559,83
7/15/2025 8:31:08 AM,46.3711,47.78604,83.49559,83
7/15/2025 8:31:09 AM,46.3711,47.88,83.34894775,83
7/15/2025 8:31:10 AM,46.3711,47.90862,82.22044,83
7/15/2025 8:31:11 AM,46.3711,47.94,82.22044,83
7/15/2025 8:31:12 AM,46.3711,47.9305,82.22044,83
7/15/2025 8:31:13 AM,46.3711,47.92,82.22044,83
7/15/2025 8:31:14 AM,46.3711,47.9437,82.22044,83
7/15/2025 8:31:15 AM,46.3711,47.97,82.27638912,83
7/15/2025 8:31:16 AM,46.3711,47.96056,82.70276,83
7/15/2025 8:31:17 AM,46.3711,47.95,82.70276,83
7/15/2025 8:31:18 AM,46.3711,48.01097,82.70276,83
7/15/2025 8:31:19 AM,46.3711,48.08,82.7533899,83
7/15/2025 8:31:20 AM,46.3711,48.0428,83.14302,83
7/15/2025 8:31:21 AM,46.3711,48,83.14302,83
7/15/2025 8:31:22 AM,46.3711,48.0928,83.14302,83
7/15/2025 8:31:23 AM,46.3711,48.2,83.14302,83
7/15/2025 8:31:24 AM,46.3711,48.14907,83.14302,83
7/15/2025 8:31:25 AM,46.3711,48.09,83.099786952,83
7/15/2025 8:31:26 AM,46.3711,48.12656,82.742714,83
7/15/2025 8:31:27 AM,46.3711,48.17,82.742714,83
7/15/2025 8:31:28 AM,46.3711,48.08393,82.742714,83
7/15/2025 8:31:29 AM,46.3711,47.98,82.741683162,83
7/15/2025 8:31:30 AM,46.3711,48.02086,82.73308,83
7/15/2025 8:31:31 AM,46.3711,48.07,82.73308,83
7/15/2025 8:31:32 AM,46.3711,48.07452,82.73308,83
7/15/2025 8:31:33 AM,46.3711,48.08,82.73308,83
7/15/2025 8:31:34 AM,46.3711,48.02176,82.73308,83
7/15/2025 8:31:35 AM,46.3711,47.95,82.726799635,83
7/15/2025 8:31:36 AM,46.3711,47.95,82.674385,83
7/15/2025 8:31:37 AM,46.3711,47.95,82.674385,83
7/15/2025 8:31:38 AM,46.3711,47.99884,82.674385,83
7/15/2025 8:31:39 AM,46.3711,48.06,82.7022772,83
7/15/2025 8:31:40 AM,46.3711,48.06442,82.940025,83
7/15/2025 8:31:41 AM,46.3711,48.07,82.940025,83
7/15/2025 8:31:42 AM,46.3711,48.1309,82.940025,83
7/15/2025 8:31:43 AM,46.3711,48.21,82.940025,83
7/15/2025 8:31:44 AM,46.3010464,48.14008,82.940025,83
7/15/2025 8:31:45 AM,46.1977,48.05,82.861144505,83
7/15/2025 8:31:46 AM,46.1977,48.1196,82.15903,83
7/15/2025 8:31:47 AM,46.1977,48.21,82.15903,83
7/15/2025 8:31:48 AM,46.1977,48.21,82.15903,83
7/15/2025 8:31:49 AM,46.1977,48.21,82.26498574,83
7/15/2025 8:31:50 AM,46.18470845,48.14994,83.22929,83
7/15/2025 8:31:51 AM,46.16481,48.07,83.22929,83
7/15/2025 8:31:52 AM,46.16481,48.13405,83.22929,83
7/15/2025 8:31:53 AM,46.16481,48.22,83.22929,83
7/15/2025 8:31:54 AM,46.16481,48.22,83.22929,83
7/15/2025 8:31:55 AM,46.16481,48.22,83.25289204,83
7/15/2025 8:31:56 AM,46.16481,48.1774,83.47261,83
7/15/2025 8:31:57 AM,46.16481,48.12,83.47261,83
7/15/2025 8:31:58 AM,46.16481,48.11575,83.47261,83
7/15/2025 8:31:59 AM,46.16481,48.11,83.44052916,83
7/15/2025 8:32:00 AM,46.16481,48.08456,83.108055,83
7/15/2025 8:32:01 AM,46.16481,48.05,83.108055,83
7/15/2025 8:32:02 AM,46.16481,48.09992,83.108055,83
7/15/2025 8:32:03 AM,46.16481,48.17,83.108055,83
7/15/2025 8:32:04 AM,46.16481,48.10344,83.108055,83
7/15/2025 8:32:05 AM,46.16481,48.01,83.068622115,83
7/15/2025 8:32:06 AM,46.16481,48.02248,82.63296,83
7/15/2025 8:32:07 AM,46.16481,48.04,82.63296,83
7/15/2025 8:32:08 AM,46.14228981,48.10608,82.63296,83
7/15/2025 8:32:09 AM,46.106316,48.2,82.71427185,83
7/15/2025 8:32:10 AM,46.106316,48.13424,83.63681,83
7/15/2025 8:32:11 AM,46.106316,48.04,83.63681,83
7/15/2025 8:32:12 AM,46.106316,48.06035,83.63681,83
7/15/2025 8:32:13 AM,46.106316,48.09,83.63681,83
7/15/2025 8:32:14 AM,46.106316,48.09,83.63681,83
7/15/2025 8:32:15 AM,46.106316,48.09,83.57751734,83
7/15/2025 8:32:16 AM,46.106316,48.098,82.88627,83
7/15/2025 8:32:17 AM,46.106316,48.11,82.82785175,83
7/15/2025 8:32:18 AM,46.106316,48.14176,82.10736,83
7/15/2025 8:32:19 AM,46.106316,48.19,82.10736,83
7/15/2025 8:32:20 AM,46.106316,48.14677,82.10736,83
7/15/2025 8:32:21 AM,46.106316,48.08,82.10736,83
7/15/2025 8:32:22 AM,46.106316,48.08398,82.10736,83
7/15/2025 8:32:23 AM,46.106316,48.09,82.17261838,83
7/15/2025 8:32:24 AM,46.106316,48.1098,82.98923,83
7/15/2025 8:32:25 AM,46.106316,48.14,82.98923,83
7/15/2025 8:32:26 AM,46.106316,48.08442,82.98923,83
7/15/2025 8:32:27 AM,46.106316,48,82.97829032,83
7/15/2025 8:32:28 AM,46.106316,48.09085,82.83729,83
7/15/2025 8:32:29 AM,46.106316,48.23,82.83729,83
7/15/2025 8:32:30 AM,46.106316,48.19445,82.83729,83
7/15/2025 8:32:31 AM,46.106316,48.14,82.83729,83
7/15/2025 8:32:32 AM,46.106316,48.14,82.83729,83
7/15/2025 8:32:33 AM,46.106316,48.14,82.88628264,83
7/15/2025 8:32:34 AM,46.106316,48.14,83.55777,83
7/15/2025 8:32:35 AM,46.106316,48.14,83.55777,83
7/15/2025 8:32:36 AM,46.106316,48.12448,83.55777,83
7/15/2025 8:32:37 AM,46.106316,48.1,83.55873286,83
7/15/2025 8:32:38 AM,46.069588582,48.05332,83.5733,83
7/15/2025 8:32:39 AM,46.004578,47.98,83.5733,83
7/15/2025 8:32:40 AM,46.004578,47.98,83.5733,83
7/15/2025 8:32:41 AM,46.004578,47.98,83.5733,83
7/15/2025 8:32:42 AM,46.004578,48.02875,83.5733,83
7/15/2025 8:32:43 AM,46.004578,48.11,83.56322952,83
7/15/2025 8:32:44 AM,46.004578,48.0575,83.39347,83
7/15/2025 8:32:45 AM,46.004578,47.97,83.32717025,83
7/15/2025 8:32:46 AM,46.004578,48.045,82.18802,83
7/15/2025 8:32:47 AM,46.004578,48.17,82.18802,83
7/15/2025 8:32:48 AM,46.004578,48.13652,82.18802,83
7/15/2025 8:32:49 AM,46.004578,48.08,82.18802,83
7/15/2025 8:32:50 AM,46.004578,48.08,82.18802,83
7/15/2025 8:32:51 AM,46.004578,48.08,82.28052686,83
7/15/2025 8:32:52 AM,46.004578,47.99513,83.90111,83
7/15/2025 8:32:53 AM,46.004578,47.85,83.90111,83
7/15/2025 8:32:54 AM,46.004578,47.89758,83.90111,83
7/15/2025 8:32:55 AM,46.004578,47.98,83.897044,83
7/15/2025 8:32:56 AM,46.004578,47.93255,83.81979,83
7/15/2025 8:32:57 AM,46.004578,47.85,83.81979,83
7/15/2025 8:32:58 AM,46.004578,47.82104,83.81979,83
7/15/2025 8:32:59 AM,46.004578,47.77,83.81979,83
7/15/2025 8:33:00 AM,46.004578,47.83821,83.81979,83
7/15/2025 8:33:01 AM,46.004578,47.96,83.75554088,83
7/15/2025 8:33:02 AM,46.004578,47.97795,82.42307,83
7/15/2025 8:33:03 AM,46.004578,48.01,82.45427088,83
7/15/2025 8:33:04 AM,46.004578,47.96476,83.10135,83
7/15/2025 8:33:05 AM,46.004578,47.88,83.10135,83
7/15/2025 8:33:06 AM,45.974383884,47.9149,83.10135,83
7/15/2025 8:33:07 AM,45.909027,47.98,83.10135,83
7/15/2025 8:33:08 AM,45.909027,47.99396,83.10135,83
7/15/2025 8:33:09 AM,45.909027,48.02,83.101186875,83
7/15/2025 8:33:10 AM,45.90001485,47.99912,83.097725,83
7/15/2025 8:33:11 AM,45.880417,47.96,83.097725,83
7/15/2025 8:33:12 AM,45.880417,47.97388,83.097725,83
7/15/2025 8:33:13 AM,45.880417,48,83.059782015,83
7/15/2025 8:33:14 AM,45.880417,48.05882,82.21533,83
7/15/2025 8:33:15 AM,45.880417,48.17,82.21533,83
7/15/2025 8:33:16 AM,45.880417,48.13904,82.21533,83
7/15/2025 8:33:17 AM,45.880417,48.08,82.23965625,83
7/15/2025 8:33:18 AM,45.879683652,48.13115,82.83908,83
7/15/2025 8:33:19 AM,45.878036,48.23,82.83908,83
7/15/2025 8:33:20 AM,45.878036,48.2164,82.83908,83
7/15/2025 8:33:21 AM,45.878036,48.19,82.83908,83
7/15/2025 8:33:22 AM,45.878036,48.21373,82.83908,83
7/15/2025 8:33:23 AM,45.878036,48.26,82.81133202,83
7/15/2025 8:33:24 AM,45.878036,48.30407,82.10887,83
7/15/2025 8:33:25 AM,45.878036,48.39,82.11243489,83
7/15/2025 8:33:26 AM,45.878036,48.39666,82.210724,83
7/15/2025 8:33:27 AM,45.878036,48.41,82.210724,83
7/15/2025 8:33:28 AM,45.878036,48.40336,82.210724,83
7/15/2025 8:33:29 AM,45.878036,48.39,82.210724,83
7/15/2025 8:33:30 AM,45.878036,48.39,82.210724,83
7/15/2025 8:33:31 AM,45.878036,48.39,82.264477898,83
7/15/2025 8:33:32 AM,45.878036,48.35438,83.83963,83
7/15/2025 8:33:33 AM,45.878036,48.26,83.83963,83
7/15/2025 8:33:34 AM,45.86123586,48.29264,83.83963,83
7/15/2025 8:33:35 AM,45.809464,48.38,83.828551576,83
7/15/2025 8:33:36 AM,45.809464,48.38,83.513794,83
7/15/2025 8:33:37 AM,45.809464,48.38,83.513794,83
7/15/2025 8:33:38 AM,45.809464,48.35552,83.513794,83
7/15/2025 8:33:39 AM,45.809464,48.29,83.513794,83
7/15/2025 8:33:40 AM,45.809464,48.28732,83.513794,83
7/15/2025 8:33:41 AM,45.809464,48.28,83.463286088,83
7/15/2025 8:33:42 AM,45.809464,48.32304,81.70994,83
7/15/2025 8:33:43 AM,45.809464,48.44,81.70994,83
7/15/2025 8:33:44 AM,45.809464,48.43734,81.70994,83
7/15/2025 8:33:45 AM,45.809464,48.43,81.778474235,83
7/15/2025 8:33:46 AM,45.809464,48.39262,84.248245,83
7/15/2025 8:33:47 AM,45.809464,48.29,84.248245,83
7/15/2025 8:33:48 AM,45.802023622,48.3033,84.248245,83
7/15/2025 8:33:49 AM,45.77807,48.34,84.248245,83
7/15/2025 8:33:50 AM,45.77807,48.28435,84.248245,83
7/15/2025 8:33:51 AM,45.77807,48.13,84.21497512,83
7/15/2025 8:33:52 AM,45.77807,48.1618,82.862,83
7/15/2025 8:33:53 AM,45.77807,48.25,82.862,83
7/15/2025 8:33:54 AM,45.77807,48.25,82.862,83
7/15/2025 8:33:55 AM,45.77807,48.25,82.855325225,83
7/15/2025 8:33:56 AM,45.77807,48.25,82.417015,83
7/15/2025 8:33:57 AM,45.77807,48.25,82.417015,83
7/15/2025 8:33:58 AM,45.77807,48.23952,82.417015,83
7/15/2025 8:33:59 AM,45.77807,48.21,82.417015,83
7/15/2025 8:34:00 AM,45.77807,48.2308,82.417015,83
7/15/2025 8:34:01 AM,45.77807,48.29,82.419064363,83
7/15/2025 8:34:02 AM,45.77807,48.29,83.100136,83
7/15/2025 8:34:03 AM,45.77807,48.29,83.100136,83
7/15/2025 8:34:04 AM,45.764144816,48.29,83.100136,83
7/15/2025 8:34:05 AM,45.715904,48.29,83.099052682,83
7/15/2025 8:34:06 AM,45.715904,48.24648,82.73903,83
7/15/2025 8:34:07 AM,45.715904,48.12,82.73903,83
7/15/2025 8:34:08 AM,45.715904,48.1581,82.73903,83
7/15/2025 8:34:09 AM,45.715904,48.27,82.73903,83
7/15/2025 8:34:10 AM,45.715904,48.24228,82.73903,83
7/15/2025 8:34:11 AM,45.715904,48.16,82.73903,83
7/15/2025 8:34:12 AM,45.715904,48.17012,82.49865172,83
7/15/2025 8:34:13 AM,45.715904,48.2,82.49817,83
7/15/2025 8:34:14 AM,45.715904,48.18257,82.49817,83
7/15/2025 8:34:15 AM,45.715904,48.13,82.49817,83
7/15/2025 8:34:16 AM,45.715904,48.17731,82.20213633,83
7/15/2025 8:34:17 AM,45.715904,48.32,82.20184,83
7/15/2025 8:34:18 AM,45.715904,48.32,82.20184,83
7/15/2025 8:34:19 AM,45.715904,48.32,82.20184,83
7/15/2025 8:34:20 AM,45.715904,48.26096,82.20184,83
7/15/2025 8:34:21 AM,45.715904,48.08,82.20184,83
7/15/2025 8:34:22 AM,45.715904,48.16364,81.95727127,83
7/15/2025 8:34:23 AM,45.715904,48.42,81.95405,83
7/15/2025 8:34:24 AM,45.715904,48.40775,81.95405,83
7/15/2025 8:34:25 AM,45.715904,48.37,81.95405,83
7/15/2025 8:34:26 AM,45.715904,48.34316,82.907004422,83
7/15/2025 8:34:27 AM,45.715904,48.26,82.919556,83
7/15/2025 8:34:28 AM,45.715904,48.29645,82.919556,83
7/15/2025 8:34:29 AM,45.715904,48.41,82.919556,83
7/15/2025 8:34:30 AM,45.715904,48.40028,82.919556,83
7/15/2025 8:34:31 AM,45.715904,48.37,82.919556,83
7/15/2025 8:34:32 AM,45.715904,48.37,82.870763376,83
