Timestamp,still01-steam-pid.SP => (Aggregate=TimeAverage2),still01-steam-pid.PV01-TIT4016 => (Aggregate=TimeAverage2),still01-steam-pid.PV03-TIT4009 => (Aggregate=TimeAverage2),still01-steam-pid.DV02-PIT4011 => (Aggregate=TimeAverage2),still01-steam-pid.DV04-FIT4054 => (Aggregate=TimeAverage2),still01-steam-pid.CV-FCV4054 => (Aggregate=TimeAverage2)
7/15/2025 12:35:27 AM,211.2,211.49397,198.764149155,0.80924684,5001.421528,37
7/15/2025 12:35:29 AM,211.2,211.49397,198.78397,0.80924684,5000.257928,37
7/15/2025 12:35:31 AM,211.2,211.49397,198.78397,0.80924684,5016.80664,37
7/15/2025 12:35:33 AM,211.2,211.49397,198.78397,0.80924684,4999.309972,37
7/15/2025 12:35:35 AM,211.2,211.49397,198.78397,0.80924684,4994.309496,37
7/15/2025 12:35:37 AM,211.2,211.49397,198.79406338,0.80924684,5000.3910925,37
7/15/2025 12:35:39 AM,211.2,211.49397,198.81598183,0.80924684,5011.5394975,37
7/15/2025 12:35:41 AM,211.2,211.49397,198.82423,0.80924684,5010.483452,37
7/15/2025 12:35:43 AM,211.2,211.432583175,198.82423,0.80924684,4999.3498546,37
7/15/2025 12:35:45 AM,211.2,211.41582,198.82423,0.80924684,4987.1137636,37
7/15/2025 12:35:47 AM,211.2,211.41582,198.82423,0.80924684,4987.5720386,37
7/15/2025 12:35:49 AM,211.2,211.41582,198.82423,0.80924684,4996.1396638,37
7/15/2025 12:35:51 AM,211.2,211.41582,198.82423,0.80924684,4984.95236445,37
7/15/2025 12:35:53 AM,211.2,211.3591887,198.804062425,0.80924684,4958.564125,37
7/15/2025 12:35:55 AM,211.2,211.34377,198.77867145,0.80924684,4957.78658,37
7/15/2025 12:35:57 AM,211.2,211.34377,198.78099079,0.80924684,4953.1147775,37
7/15/2025 12:35:59 AM,211.2,211.34377,198.78603,0.80924684,4949.33315,37
7/15/2025 12:36:01 AM,211.2,211.34377,198.78603,0.80924684,4943.5705865,37
7/15/2025 12:36:03 AM,211.2,211.35202282,198.78603,0.80924684,4945.4720105,37
7/15/2025 12:36:05 AM,211.2,211.35431,198.75626866,0.80924684,4948.1769524,37
7/15/2025 12:36:07 AM,211.2,211.35431,198.7408,0.80924684,4966.254628,37
7/15/2025 12:36:09 AM,211.2,211.35431,198.7409312,0.80924684,4975.683976,37
7/15/2025 12:36:11 AM,211.2,211.35431,198.741,0.80924684,4988.061432,37
7/15/2025 12:36:13 AM,211.2,211.35431,198.741,0.80924684,4967.5501483,37
7/15/2025 12:36:15 AM,211.2,211.35431,198.741,0.80924684,4972.272276,37
7/15/2025 12:36:17 AM,211.2,211.35431,198.741,0.80924684,4976.1226365,37
7/15/2025 12:36:19 AM,211.2,211.35431,198.741,0.80924684,4970.76967355,37
7/15/2025 12:36:21 AM,211.2,211.262477105,198.741,0.80924684,4963.2914776,37
7/15/2025 12:36:23 AM,211.2,211.2365,198.69481595,0.80924684,4966.686235,37
7/15/2025 12:36:25 AM,211.2,211.2365,198.67049,0.80924684,4961.1911875,37
7/15/2025 12:36:27 AM,211.2,211.2365,198.67049,0.75483226082,4957.9592125,37
7/15/2025 12:36:29 AM,211.2,211.2365,198.67049,0.7529753,4950.805129,37
7/15/2025 12:36:31 AM,211.2,211.21646894,198.67049,0.7529753,4967.8570615,37
7/15/2025 12:36:33 AM,211.2,211.21072,198.67049,0.7529753,4975.95742505,37
7/15/2025 12:36:35 AM,211.2,211.21072,198.69756845,0.7529753,4982.9432674,37
7/15/2025 12:36:37 AM,211.2,211.21072,198.701360775,0.7529753,4988.027519,37
7/15/2025 12:36:39 AM,211.2,211.21072,198.6954,0.7529753,4969.84953765,37
7/15/2025 12:36:41 AM,211.2,211.1575411,198.699279,0.7529753,4955.99955405,37
7/15/2025 12:36:43 AM,211.2,211.14188,198.7014,0.7529753,4947.400178,37
7/15/2025 12:36:45 AM,211.2,211.14188,198.7014,0.7529753,4949.67252,37
7/15/2025 12:36:47 AM,211.2,211.14188,198.7014,0.7529753,4962.93467035,37
7/15/2025 12:36:49 AM,211.2,211.14188,198.6818832,0.7529753,4970.80302105,37
7/15/2025 12:36:51 AM,211.2,211.14188,198.647096,0.7529753,4984.538981,37
7/15/2025 12:36:53 AM,211.2,211.14188,198.63365,0.7529753,4988.045953,37
7/15/2025 12:36:55 AM,211.2,211.14188,198.63365,0.7529753,4969.89459,37
7/15/2025 12:36:57 AM,211.2,211.1898968,198.62773,0.7529753,4965.8985506,37
7/15/2025 12:36:59 AM,211.2,211.20428,198.6351328,0.7529753,4966.6667521,37
7/15/2025 12:37:01 AM,211.2,211.20428,198.64117,0.7529753,4978.72666525,37
7/15/2025 12:37:03 AM,211.2,211.20428,198.64117,0.7529753,4978.76188,37
7/15/2025 12:37:05 AM,211.2,211.20718893,198.64117,0.7529753,4984.69944745,37.097
7/15/2025 12:37:07 AM,211.2,211.2081,198.64117,0.7529753,4986.5773051,38
7/15/2025 12:37:09 AM,211.2,211.2081,198.64117,0.761248317125,5017.7878509,38
7/15/2025 12:37:11 AM,211.2,211.2081,198.586568635,0.76227605,5153.470832,38
7/15/2025 12:37:13 AM,211.2,211.2081,198.55498,0.76227605,5268.907384,38
7/15/2025 12:37:15 AM,211.2,211.172638,198.55067608,0.76227605,5334.883207,38
7/15/2025 12:37:17 AM,211.2,211.15744,198.54817,0.76227605,5339.44107,38
7/15/2025 12:37:19 AM,211.2,211.15744,198.54817,0.76227605,5329.5130992,38
7/15/2025 12:37:21 AM,211.2,211.18212125,198.54817,0.76227605,5336.1655461,38
7/15/2025 12:37:23 AM,211.2,211.19334,198.5291075,0.84133863534,5352.05751855,38
7/15/2025 12:37:25 AM,211.2,211.19334,198.51767,0.85141087,5357.088834,38
7/15/2025 12:37:27 AM,211.2,211.26591536,198.51767,0.85141087,5344.0390842,38
7/15/2025 12:37:29 AM,211.2,211.3015,198.51767,0.85141087,5330.18272805,38
7/15/2025 12:37:31 AM,211.2,211.3015,198.5564528,0.85141087,5325.23877085,38
7/15/2025 12:37:33 AM,211.2,211.3015,198.58151,0.85141087,5323.3889273,38
7/15/2025 12:37:35 AM,211.2,211.3015,198.58151,0.85141087,5321.046757,38
7/15/2025 12:37:37 AM,211.2,211.3015,198.58151,0.85141087,5318.6917847,38
7/15/2025 12:37:39 AM,211.2,211.3015,198.58151,0.85141087,5318.296914,38
7/15/2025 12:37:41 AM,211.2,211.54283977,198.58151,0.85141087,5326.54378215,38
7/15/2025 12:37:43 AM,211.2,211.66144,198.58151,0.85141087,5315.8303084,38
7/15/2025 12:37:45 AM,211.2,211.66144,198.66413309,0.85141087,5304.96847775,38
7/15/2025 12:37:47 AM,211.2,211.66144,198.71933,0.85141087,5308.1744685,38
7/15/2025 12:37:49 AM,211.2,211.66144,198.71933,0.85141087,5314.300996,38
7/15/2025 12:37:51 AM,211.2,211.66144,198.71933,0.85141087,5315.52948,38
7/15/2025 12:37:53 AM,211.2,211.66144,198.71933,0.85141087,5318.866665,38
7/15/2025 12:37:55 AM,211.2,211.829763315,198.71933,0.85141087,5327.6058425,37.9215
7/15/2025 12:37:57 AM,211.2,211.91513,198.71933,0.85141087,5320.7763558,37
7/15/2025 12:37:59 AM,211.2,211.91513,198.71933,0.85141087,5305.1299011,37
7/15/2025 12:38:01 AM,211.2,211.91513,198.71933,0.882798063285,5243.7312915,37
7/15/2025 12:38:03 AM,211.2,212.047080125,198.71933,0.88722056,5136.53709085,37
7/15/2025 12:38:05 AM,211.2,212.1143,198.71933,0.88722056,5067.65256095,37
7/15/2025 12:38:07 AM,211.2,212.1143,198.71933,0.88722056,5031.6130212,37
7/15/2025 12:38:09 AM,211.2,212.153020385,198.82885658,0.88722056,5019.7484152,37
7/15/2025 12:38:11 AM,211.2,212.17337,198.90752,0.88722056,4995.838868,37
7/15/2025 12:38:13 AM,211.2,212.177610875,198.90752,0.88722056,4974.7949063,37
7/15/2025 12:38:15 AM,211.2,212.17982,198.90752,0.88722056,4968.31296725,37
7/15/2025 12:38:17 AM,211.2,212.17982,198.94367968,0.88722056,4974.661881,37
7/15/2025 12:38:19 AM,211.2,212.17982,198.97008,0.88722056,4977.2676672,37
7/15/2025 12:38:21 AM,211.2,212.17982,198.97008,0.80766733502,4971.9132832,37
7/15/2025 12:38:23 AM,211.2,212.17982,198.97008,0.7960943,4973.16805855,37
7/15/2025 12:38:25 AM,211.2,212.17982,198.97008,0.7765302325,4981.7849616,37
7/15/2025 12:38:27 AM,211.2,212.17982,198.97008,0.7980886765,4998.9948905,37
7/15/2025 12:38:29 AM,211.2,212.10211464,198.99740206,0.8896933887,5005.9634005,37
7/15/2025 12:38:31 AM,211.2,212.06064,199.01735,0.95173132303,5014.60744525,37
7/15/2025 12:38:33 AM,211.2,212.06064,199.01735,0.918820645,5016.5952785,37
7/15/2025 12:38:35 AM,211.2,212.06064,199.01735,0.97925775,4998.40013355,37
7/15/2025 12:38:37 AM,211.2,212.06064,199.01735,1.09684907525,5001.6689684,37
7/15/2025 12:38:39 AM,211.2,212.06064,199.01735,1.092577113,5016.2065024,37
7/15/2025 12:38:41 AM,211.2,212.06064,199.01735,1.0894172,5022.1013122,37
7/15/2025 12:38:43 AM,211.2,211.93118712,198.978277445,1.123696646,5016.23416295,37
7/15/2025 12:38:45 AM,211.2,211.859,198.94922,1.1249722887,5031.11036435,37
7/15/2025 12:38:47 AM,211.2,211.8601822,198.94922,1.1243613,5041.4713808,37
7/15/2025 12:38:49 AM,211.2,211.86084,199.017002,1.0785941907,5028.2650243,37
7/15/2025 12:38:51 AM,211.2,211.86084,199.06772,1.0715734,5019.0033872,37
7/15/2025 12:38:53 AM,211.2,211.86084,199.06772,1.0715734,5010.3780319,37
7/15/2025 12:38:55 AM,211.2,211.96152246,199.06772,1.0715734,4990.84756425,37
7/15/2025 12:38:57 AM,211.2,212.01952,199.190086545,1.0715734,4975.589636,37
7/15/2025 12:38:59 AM,211.2,212.01952,199.3286821,1.0715734,4981.216933,37
7/15/2025 12:39:01 AM,211.2,212.01952,199.36374,1.0715734,4999.79548135,37
7/15/2025 12:39:03 AM,211.2,212.01952,199.42303264,1.0715734,4995.45223125,37
7/15/2025 12:39:05 AM,211.2,212.01952,199.46758,1.0715734,5003.914788,37
7/15/2025 12:39:07 AM,211.2,212.23066891,199.46758,1.0715734,5024.32973575,37
7/15/2025 12:39:09 AM,211.2,212.3523,199.46758,1.0715734,5021.3191125,37
7/15/2025 12:39:11 AM,211.2,212.3523,199.46758,1.0715734,5037.9684549,37
7/15/2025 12:39:13 AM,211.2,212.3523,199.612230075,1.0715734,5041.9417515,37
7/15/2025 12:39:15 AM,211.2,212.4369475,199.72247,1.0715734,5033.5536601,37
7/15/2025 12:39:17 AM,211.2,212.4905,199.72247,1.0715734,5019.0556886,37
7/15/2025 12:39:19 AM,211.2,212.4905,199.72247,1.0715734,5006.3801059,37
7/15/2025 12:39:21 AM,211.2,212.4905,199.77091786,1.0715734,5019.545706,37
7/15/2025 12:39:23 AM,211.2,212.53567775,199.836323385,1.0715734,4999.1869085,37
7/15/2025 12:39:25 AM,211.2,212.56325,199.856622485,1.0715734,4995.73674935,37
7/15/2025 12:39:27 AM,211.2,212.56325,199.85571,1.0715734,5016.546185,37
7/15/2025 12:39:29 AM,211.2,212.56325,199.85571,1.0715734,5015.386277,36.944
7/15/2025 12:39:31 AM,211.2,212.56325,199.85571,0.9248336956,4956.6661307,36
7/15/2025 12:39:33 AM,211.2,212.57267025,199.91275909,0.8993437,4852.32394,36
7/15/2025 12:39:35 AM,211.2,212.57863,199.95953,0.8993437,4785.92912,36
7/15/2025 12:39:37 AM,211.2,212.57863,199.95953,0.8993437,4748.93748,36
7/15/2025 12:39:39 AM,211.2,212.542031725,199.95953,0.8993437,4723.87372,36
7/15/2025 12:39:41 AM,211.2,212.51878,199.95953,0.8993437,4724.875277,36
7/15/2025 12:39:43 AM,211.2,212.51878,199.95953,0.8993437,4714.469829,36
7/15/2025 12:39:45 AM,211.2,212.51878,199.95291798,0.79259048805,4705.474456,36
7/15/2025 12:39:47 AM,211.2,212.4378856,199.94724,0.77330685,4696.3436049,36
7/15/2025 12:39:49 AM,211.2,212.38573,199.94724,0.77330685,4693.0700859,36
7/15/2025 12:39:51 AM,211.2,212.38573,199.94724,0.77330685,4688.70224,36
7/15/2025 12:39:53 AM,211.2,212.38573,199.94724,0.77330685,4693.764972,36
7/15/2025 12:39:55 AM,211.2,212.38573,199.94724,0.77330685,4702.3208125,36
7/15/2025 12:39:57 AM,211.2,212.38573,199.88207206,0.77330685,4709.0108175,36
7/15/2025 12:39:59 AM,211.2,212.18414492,199.82611,0.77330685,4702.815937,36
7/15/2025 12:40:01 AM,211.2,212.0475,199.82611,0.77330685,4709.76558,36
7/15/2025 12:40:03 AM,211.2,212.0475,199.769341645,0.77330685,4710.346392,36
7/15/2025 12:40:05 AM,211.2,212.0475,199.7201,0.77330685,4702.16942375,36
7/15/2025 12:40:07 AM,211.2,212.0475,199.7201,0.77330685,4694.06319245,36
7/15/2025 12:40:09 AM,211.2,212.0475,199.7201,0.69047058047,4681.209593,36
7/15/2025 12:40:11 AM,211.2,212.0475,199.7201,0.67427963,4685.45773945,36
7/15/2025 12:40:13 AM,211.2,211.78809828,199.7201,0.67427963,4697.14501435,36
7/15/2025 12:40:15 AM,211.2,211.60858,199.7201,0.67427963,4699.3773823,36
7/15/2025 12:40:17 AM,211.2,211.60858,199.7201,0.67427963,4703.249576,36
7/15/2025 12:40:19 AM,211.2,211.492822,199.55759528,0.67427963,4685.35144665,36
7/15/2025 12:40:21 AM,211.2,211.41238,199.38345245,0.67427963,4687.4034525,36
7/15/2025 12:40:23 AM,211.2,211.41238,199.35574,0.67427963,4689.654031,36
7/15/2025 12:40:25 AM,211.2,211.41238,199.35574,0.67427963,4688.840885,36
7/15/2025 12:40:27 AM,211.2,211.41238,199.35574,0.67427963,4688.82167375,36
7/15/2025 12:40:29 AM,211.2,211.41238,199.29237775,0.67427963,4692.6965222,36
7/15/2025 12:40:31 AM,211.2,211.41238,199.23505,0.67427963,4700.1651094,36
7/15/2025 12:40:33 AM,211.2,211.41238,199.23505,0.67427963,4686.79539635,36
7/15/2025 12:40:35 AM,211.2,211.41238,199.168298515,0.67427963,4659.4818408,36
7/15/2025 12:40:37 AM,211.2,211.41238,199.10754,0.67427963,4655.3401755,36
7/15/2025 12:40:39 AM,211.2,211.41238,199.08474975,0.67427963,4680.06649805,36
7/15/2025 12:40:41 AM,211.2,211.112636,199.06413,0.67427963,4686.3641041,36
7/15/2025 12:40:43 AM,211.2,210.89558,199.06413,0.67427963,4660.34653475,36
7/15/2025 12:40:45 AM,211.2,210.89558,198.98964555,0.67427963,4642.04251,36
7/15/2025 12:40:47 AM,211.2,210.89558,198.9195,0.67427963,4649.243923,36
7/15/2025 12:40:49 AM,211.2,210.8014328,198.85736298,0.67427963,4665.01525985,36
7/15/2025 12:40:51 AM,211.2,210.73213,198.79802,0.67427963,4678.191048,36
7/15/2025 12:40:53 AM,211.2,210.73213,198.79802,0.67427963,4667.02236,36
7/15/2025 12:40:55 AM,211.2,210.73213,198.79802,0.67427963,4645.7124569,36
7/15/2025 12:40:57 AM,211.2,210.612431305,198.79802,0.61847962921,4641.08456,36.01
7/15/2025 12:40:59 AM,211.2,210.5245,198.663050495,0.6064789,4731.41192065,37
7/15/2025 12:41:01 AM,211.2,210.5245,198.53415,0.6064789,4863.6413836,37
7/15/2025 12:41:03 AM,211.2,210.5245,198.53415,0.6064789,4939.34534,37
7/15/2025 12:41:05 AM,211.2,210.5245,198.53415,0.6064789,4967.4168132,37
7/15/2025 12:41:07 AM,211.2,210.416709385,198.53415,0.6064789,4985.29684505,37
7/15/2025 12:41:09 AM,211.2,210.33589,198.53415,0.6064789,4981.2322032,37
7/15/2025 12:41:11 AM,211.2,210.33589,198.53415,0.6064789,4984.87356265,37
7/15/2025 12:41:13 AM,211.2,210.31200338,198.40829768,0.67058062785,4979.353232,37
7/15/2025 12:41:15 AM,211.2,210.29391,198.28543,0.684795,4968.4910425,37
7/15/2025 12:41:17 AM,211.2,210.29391,198.28543,0.684795,4958.486016,37
7/15/2025 12:41:19 AM,211.2,210.29391,198.28543,0.684795,4955.5913936,37
7/15/2025 12:41:21 AM,211.2,210.29391,198.28543,0.684795,4956.2937768,37
7/15/2025 12:41:23 AM,211.2,210.29391,198.25337719,0.684795,4965.8791225,37
7/15/2025 12:41:25 AM,211.2,210.35524413,198.224771995,0.684795,4980.5856804,37
7/15/2025 12:41:27 AM,211.2,210.40237,198.22778,0.684795,4966.7377376,37
7/15/2025 12:41:29 AM,211.2,210.40237,198.22778,0.684795,4927.10343625,37
7/15/2025 12:41:31 AM,211.2,210.40237,198.22778,0.684795,4917.6619138,37
7/15/2025 12:41:33 AM,211.2,210.40237,198.22778,0.684795,4933.082218,37
7/15/2025 12:41:35 AM,211.2,210.45437994,198.22778,0.684795,4943.3580775,37
7/15/2025 12:41:37 AM,211.2,210.49475,198.22778,0.684795,4951.3995956,37
7/15/2025 12:41:39 AM,211.2,210.49475,198.16717856,0.684795,4950.7155254,37
7/15/2025 12:41:41 AM,211.2,210.49475,198.10706,0.684795,4944.368536,37
7/15/2025 12:41:43 AM,211.2,210.49475,198.10706,0.684795,4934.89173275,37
7/15/2025 12:41:45 AM,211.2,210.49475,198.10706,0.684795,4939.32171995,37
7/15/2025 12:41:47 AM,211.2,210.53659026,198.10089735,0.684795,4951.6068866,37
7/15/2025 12:41:49 AM,211.2,210.57007,198.09471,0.684795,4973.9363035,37
7/15/2025 12:41:51 AM,211.2,210.57007,198.09471,0.684795,5061.74750835,37.985
7/15/2025 12:41:53 AM,211.2,210.57007,198.09471,0.75942496685,5213.6968025,38
7/15/2025 12:41:55 AM,211.2,210.57007,198.09471,0.77704465,5304.996298,38
7/15/2025 12:41:57 AM,211.2,210.57007,198.09184231,0.77704465,5340.746447,38
7/15/2025 12:41:59 AM,211.2,210.63658121,198.08894,0.77704465,5343.8890928,38
7/15/2025 12:42:01 AM,211.2,210.69078,198.08894,0.77704465,5357.5553092,38
7/15/2025 12:42:03 AM,211.2,210.69078,198.08894,0.77704465,5362.7153932,38
7/15/2025 12:42:05 AM,211.2,210.69078,198.1206167,0.83055815155,5361.4728475,38
7/15/2025 12:42:07 AM,211.2,210.7779165,198.15274,0.8433563,5359.1625292,38
7/15/2025 12:42:09 AM,211.2,210.84921,198.15274,0.8433563,5363.7747346,38
7/15/2025 12:42:11 AM,211.2,210.84921,198.15274,0.8433563,5350.898776,38
7/15/2025 12:42:13 AM,211.2,210.84921,198.15274,0.8433563,5321.8046185,38
7/15/2025 12:42:15 AM,211.2,210.84921,198.15274,0.8433563,5313.2121853,38
7/15/2025 12:42:17 AM,211.2,210.84921,198.15274,0.8433563,5348.57263855,38
7/15/2025 12:42:19 AM,211.2,211.01284505,198.15274,0.8433563,5364.219682,38
7/15/2025 12:42:21 AM,211.2,211.14836,198.15274,0.8433563,5377.750804,38
7/15/2025 12:42:23 AM,211.2,211.14836,198.15274,0.857723367145,5385.85406,38
7/15/2025 12:42:25 AM,211.2,211.14836,198.15274,0.86134887,5374.6664616,38
7/15/2025 12:42:27 AM,211.2,211.14836,198.15274,0.86134887,5360.2753464,38
7/15/2025 12:42:29 AM,211.2,211.14836,198.15274,0.86134887,5356.975336,38
7/15/2025 12:42:31 AM,211.2,211.14836,198.15274,0.86134887,5361.77890905,38
7/15/2025 12:42:33 AM,211.2,211.36503086,198.15274,0.86134887,5360.22572425,38
7/15/2025 12:42:35 AM,211.2,211.55072,198.15274,0.86134887,5341.740649,38
7/15/2025 12:42:37 AM,211.2,211.55072,198.37013828,0.86134887,5348.8853265,38
7/15/2025 12:42:39 AM,211.2,211.60629872,198.60191,0.86134887,5370.1334398,38
7/15/2025 12:42:41 AM,211.2,211.6548,198.60191,0.86134887,5376.576325,38
7/15/2025 12:42:43 AM,211.2,211.70797434,198.62392997,0.86134887,5362.435244,38
7/15/2025 12:42:45 AM,211.2,211.75494,198.6475,0.86134887,5344.7008535,38
7/15/2025 12:42:47 AM,211.2,211.75494,198.6475,0.86134887,5336.9991304,38
7/15/2025 12:42:49 AM,211.2,211.75494,198.6475,0.86134887,5343.57342475,38
7/15/2025 12:42:51 AM,211.2,211.75494,198.6475,0.86134887,5351.73359,38
7/15/2025 12:42:53 AM,211.2,211.75494,198.6475,0.86134887,5353.6945785,38
7/15/2025 12:42:55 AM,211.2,211.75494,198.6475,0.86134887,5357.6769712,38
7/15/2025 12:42:57 AM,211.2,211.75494,198.6475,0.86134887,5356.0875533,38
7/15/2025 12:42:59 AM,211.2,211.75494,198.6475,0.86134887,5352.10944215,38
7/15/2025 12:43:01 AM,211.2,211.885398,198.6475,0.86134887,5351.0757,38
7/15/2025 12:43:03 AM,211.2,212.01074,198.752623815,0.86134887,5337.1885365,38
7/15/2025 12:43:05 AM,211.2,212.01074,198.87093,0.86134887,5338.5516074,38
7/15/2025 12:43:07 AM,211.2,212.01074,198.87093,0.86134887,5344.65577445,38
7/15/2025 12:43:09 AM,211.2,212.01074,198.87093,0.86134887,5347.3197756,38
7/15/2025 12:43:11 AM,211.2,212.01074,198.87093,0.86134887,5343.6501775,38
7/15/2025 12:43:13 AM,211.2,212.01074,198.92343267,0.86134887,5341.545812,38
7/15/2025 12:43:15 AM,211.2,212.01074,198.99039,0.86134887,5352.6264684,38
7/15/2025 12:43:17 AM,211.2,212.01074,198.99039,0.86134887,5349.1322475,38
7/15/2025 12:43:19 AM,211.2,212.01074,199.029323125,0.86134887,5340.5994268,38
7/15/2025 12:43:21 AM,211.2,212.01074,199.08442735,0.86134887,5327.178702,37.048
7/15/2025 12:43:23 AM,211.2,212.01074,199.09093,0.913484609595,5213.6524905,37
7/15/2025 12:43:25 AM,211.2,212.01074,199.116319,0.9298134,5103.35604425,37
7/15/2025 12:43:27 AM,211.2,212.01074,199.14943,0.9298134,5044.09092315,37
7/15/2025 12:43:29 AM,211.2,212.01074,199.14943,0.9298134,5001.5406448,37
7/15/2025 12:43:31 AM,211.2,212.26907738,199.14943,0.9298134,4995.104464,37
7/15/2025 12:43:33 AM,211.2,212.558198725,199.14943,0.9298134,4987.613048,37
7/15/2025 12:43:35 AM,211.2,212.57155,199.18753902,0.9298134,4985.5795808,37
7/15/2025 12:43:37 AM,211.2,212.57155,199.23785,0.8756562574,4992.9688844,37
7/15/2025 12:43:39 AM,211.2,212.555857915,199.23785,0.8582716,5007.49714325,37
7/15/2025 12:43:41 AM,211.2,212.53896,199.24322408,0.8582716,4998.5655746,37
7/15/2025 12:43:43 AM,211.2,212.53896,199.25029,0.8582716,4981.7712792,37
7/15/2025 12:43:45 AM,211.2,212.53896,199.25029,0.8582716,4998.4625572,37
7/15/2025 12:43:47 AM,211.2,212.46264436,199.25029,0.8582716,5019.1544051,37
7/15/2025 12:43:49 AM,211.2,212.38112,199.2354508,0.8582716,5017.6349979,37
7/15/2025 12:43:51 AM,211.2,212.38112,199.21594,0.8582716,5019.0775971,37
7/15/2025 12:43:53 AM,211.2,212.38112,199.21594,0.8582716,5009.5104275,37
7/15/2025 12:43:55 AM,211.2,212.38112,199.21594,0.8582716,5004.7228618,37
7/15/2025 12:43:57 AM,211.2,212.38112,199.19264715,0.8582716,5006.4492744,37
7/15/2025 12:43:59 AM,211.2,212.38112,199.16139,0.8582716,5006.6240675,37
7/15/2025 12:44:01 AM,211.2,212.2922032,199.16139,0.8582716,5010.784743,37
7/15/2025 12:44:03 AM,211.2,212.19432,199.16139,0.8582716,5013.6001359,37
7/15/2025 12:44:05 AM,211.2,212.19432,199.16139,0.8582716,5011.9492125,37
7/15/2025 12:44:07 AM,211.2,212.19432,199.16139,0.8582716,5007.0370752,37
7/15/2025 12:44:09 AM,211.2,212.19432,199.16139,0.8582716,5012.6602762,37
7/15/2025 12:44:11 AM,211.2,212.19432,199.16139,0.8300538236,5017.051972,37
7/15/2025 12:44:13 AM,211.2,212.19432,199.16139,0.8205473,5014.6352982,37
7/15/2025 12:44:15 AM,211.2,212.19432,199.138038425,0.8205473,5005.1098536,37
7/15/2025 12:44:17 AM,211.2,212.19432,199.09274682,0.8205473,4994.3410255,37
7/15/2025 12:44:19 AM,211.2,212.04793804,199.07443,0.8205473,4988.3606451,37
7/15/2025 12:44:21 AM,211.2,211.8832,199.07443,0.8205473,4998.45828095,37
7/15/2025 12:44:23 AM,211.2,211.8832,199.07443,0.8205473,5009.249838,37
7/15/2025 12:44:25 AM,211.2,211.8832,199.07443,0.8205473,5008.9031715,37
7/15/2025 12:44:27 AM,211.2,211.8483808,199.07443,0.8205473,5012.4603528,37
7/15/2025 12:44:29 AM,211.2,211.8088,199.05638912,0.8205473,5019.7986254,37
7/15/2025 12:44:31 AM,211.2,211.8088,199.03863183,0.8205473,5018.6061447,37
7/15/2025 12:44:33 AM,211.2,211.8088,199.04884,0.8205473,5006.5719475,37
7/15/2025 12:44:35 AM,211.2,211.8088,199.04884,0.8205473,5007.0149174,37
7/15/2025 12:44:37 AM,211.2,211.8088,199.038127375,0.8205473,5023.14903,37
7/15/2025 12:44:39 AM,211.2,211.8088,199.02287,0.8205473,5019.092147,37
7/15/2025 12:44:41 AM,211.2,211.79147562,199.02287,0.8205473,5002.608482,37
7/15/2025 12:44:43 AM,211.2,211.77122,199.02287,0.8205473,4992.56679,37
7/15/2025 12:44:45 AM,211.2,211.77122,199.02287,0.8205473,4994.1484971,37
7/15/2025 12:44:47 AM,211.2,211.77122,199.02287,0.8205473,4992.6151353,37
7/15/2025 12:44:49 AM,211.2,211.77122,199.02287,0.8205473,5003.5804662,37
7/15/2025 12:44:51 AM,211.2,211.77122,199.02287,0.8205473,5015.9157957,37
7/15/2025 12:44:53 AM,211.2,211.77122,199.005683285,0.81275938525,5018.8423483,37
7/15/2025 12:44:55 AM,211.2,211.77122,198.9809,0.8099008,5023.145702,37
7/15/2025 12:44:57 AM,211.2,211.7365399,198.9809,0.8099008,5040.22476725,37
7/15/2025 12:44:59 AM,211.2,211.695,198.9809,0.8099008,5045.55376895,37
7/15/2025 12:45:01 AM,211.2,211.695,198.963620375,0.8099008,5042.81206265,37
7/15/2025 12:45:03 AM,211.2,211.695,198.93665,0.8099008,5029.2812556,37
7/15/2025 12:45:05 AM,211.2,211.68887088,198.93665,0.8099008,5021.7359956,37
7/15/2025 12:45:07 AM,211.2,211.68144,198.93665,0.8099008,5005.062028,37
7/15/2025 12:45:09 AM,211.2,211.68144,198.93665,0.8099008,5000.045564,37
7/15/2025 12:45:11 AM,211.2,211.68144,198.944401425,0.8099008,5007.1266048,37
7/15/2025 12:45:13 AM,211.2,211.68144,198.9565,0.8099008,5009.3181283,37
7/15/2025 12:45:15 AM,211.2,211.68144,198.9565,0.8099008,5007.776903,37
7/15/2025 12:45:17 AM,211.2,211.647380775,198.96070204,0.8099008,5011.628213,37
7/15/2025 12:45:19 AM,211.2,211.60533,198.96733,0.8099008,5007.2823921,37
7/15/2025 12:45:21 AM,211.2,211.60533,198.96733,0.8099008,4995.98485,37
7/15/2025 12:45:23 AM,211.2,211.60533,198.96733,0.8099008,4994.8836032,37
7/15/2025 12:45:25 AM,211.2,211.60533,198.96733,0.8099008,5005.097777,37
7/15/2025 12:45:27 AM,211.2,211.60533,198.96733,0.8099008,5006.4192064,37
7/15/2025 12:45:29 AM,211.2,211.60533,198.96733,0.8099008,4994.2441353,37
7/15/2025 12:45:31 AM,211.2,211.60533,198.96733,0.8099008,4998.5192022,37
7/15/2025 12:45:33 AM,211.2,211.60533,198.926361525,0.8099008,4987.1303835,37
7/15/2025 12:45:35 AM,211.2,211.60533,198.86078,0.8099008,4988.204718,37
7/15/2025 12:45:37 AM,211.2,211.60533,198.86078,0.8099008,4997.4078775,37
7/15/2025 12:45:39 AM,211.2,211.60533,198.86078,0.8099008,4993.8878455,37
7/15/2025 12:45:41 AM,211.2,211.60533,198.85442285,0.8099008,4980.3832126,37
7/15/2025 12:45:43 AM,211.2,211.60533,198.84416,0.8099008,4962.3616,37
7/15/2025 12:45:45 AM,211.2,211.56044089,198.84416,0.8099008,4952.5303223,37
7/15/2025 12:45:47 AM,211.2,211.50166,198.84416,0.8099008,4950.5154359,37
7/15/2025 12:45:49 AM,211.2,211.489995475,198.84416,0.8099008,4957.78076795,37
7/15/2025 12:45:51 AM,211.2,211.47469,198.84416,0.8099008,4980.8299781,37
7/15/2025 12:45:53 AM,211.2,211.47469,198.84416,0.8099008,4979.7832592,37
7/15/2025 12:45:55 AM,211.2,211.47469,198.84416,0.8099008,4960.11135725,37
7/15/2025 12:45:57 AM,211.2,211.47469,198.84416,0.8099008,4944.1242504,37
7/15/2025 12:45:59 AM,211.2,211.47469,198.7944764,0.8099008,4952.62644385,37
7/15/2025 12:46:01 AM,211.2,211.47469,198.70988,0.8099008,4970.50822195,37
7/15/2025 12:46:03 AM,211.2,211.4553544,198.708667495,0.8099008,4967.6732499,37
7/15/2025 12:46:05 AM,211.2,211.42549,198.716342575,0.8099008,4945.182501,37
7/15/2025 12:46:07 AM,211.2,211.42549,198.735,0.8099008,4940.800594,37
7/15/2025 12:46:09 AM,211.2,211.42549,198.735,0.8099008,4946.9598675,37
7/15/2025 12:46:11 AM,211.2,211.42549,198.735,0.8099008,4951.78304,37
7/15/2025 12:46:13 AM,211.2,211.42549,198.735,0.8099008,4948.4274454,37
7/15/2025 12:46:15 AM,211.2,211.42549,198.735,0.8099008,4963.0986591,37
7/15/2025 12:46:17 AM,211.2,211.42549,198.72052827,0.8099008,4971.5807455,37
7/15/2025 12:46:19 AM,211.2,211.42549,198.69054,0.8099008,4964.815799,37
7/15/2025 12:46:21 AM,211.2,211.40112954,198.67938358,0.8099008,4954.0842107,37
7/15/2025 12:46:23 AM,211.2,211.36238,198.656,0.8099008,4955.5025505,37
7/15/2025 12:46:25 AM,211.2,211.36238,198.656,0.8099008,4967.3936594,37
7/15/2025 12:46:27 AM,211.2,211.36238,198.656,0.8099008,4967.443655,37
7/15/2025 12:46:29 AM,211.2,211.36238,198.64982132,0.8099008,4954.407128,37
7/15/2025 12:46:31 AM,211.2,211.36238,198.63693,0.8099008,4960.4541269,37
7/15/2025 12:46:33 AM,211.2,211.36238,198.63693,0.8099008,4972.4242229,37
7/15/2025 12:46:35 AM,211.2,211.36238,198.63693,0.8099008,4977.521354,37
7/15/2025 12:46:37 AM,211.2,211.36238,198.63693,0.8099008,4977.4537902,37
7/15/2025 12:46:39 AM,211.2,211.36238,198.646582005,0.8099008,4981.5366425,37
7/15/2025 12:46:41 AM,211.2,211.36238,198.66762,0.8099008,4995.6694243,37
7/15/2025 12:46:43 AM,211.2,211.31203465,198.66762,0.8099008,5001.0686105,37
7/15/2025 12:46:45 AM,211.2,211.23093,198.657804455,0.8099008,4990.3694152,37
7/15/2025 12:46:47 AM,211.2,211.23093,198.63641,0.8099008,4974.8487511,37
7/15/2025 12:46:49 AM,211.2,211.23093,198.63641,0.8099008,4967.5533511,37
7/15/2025 12:46:51 AM,211.2,211.23093,198.63641,0.8099008,4972.4309654,37
7/15/2025 12:46:53 AM,211.2,211.23093,198.63641,0.8099008,4972.7202525,37
7/15/2025 12:46:55 AM,211.2,211.22227031,198.63641,0.8099008,4968.84118275,37
7/15/2025 12:46:57 AM,211.2,211.20796,198.615779355,0.8099008,4977.40297605,37
7/15/2025 12:46:59 AM,211.2,211.20796,198.57018,0.8099008,4982.837871,37
7/15/2025 12:47:01 AM,211.2,211.20796,198.57018,0.8099008,4992.798716,37
7/15/2025 12:47:03 AM,211.2,211.20796,198.57018,0.8099008,4991.178441,37
7/15/2025 12:47:05 AM,211.2,211.209507415,198.57698616,0.8099008,4985.570736,37
7/15/2025 12:47:07 AM,211.2,211.21207,198.5921,0.8099008,4983.60979705,37
7/15/2025 12:47:09 AM,211.2,211.21207,198.585822025,0.8099008,4982.6851872,37
7/15/2025 12:47:11 AM,211.2,211.21207,198.57175,0.8099008,4981.61245985,37
7/15/2025 12:47:13 AM,211.2,211.21207,198.57175,0.8099008,4976.8595874,37
7/15/2025 12:47:15 AM,211.2,211.21207,198.5759566,0.8099008,4974.4593817,37
7/15/2025 12:47:17 AM,211.2,211.2202123,198.58543,0.79070169238,4987.9667964,37
7/15/2025 12:47:19 AM,211.2,211.23387,198.58543,0.78219646,4996.5912024,37
7/15/2025 12:47:21 AM,211.2,211.23387,198.58543,0.78219646,5001.46405785,37
7/15/2025 12:47:23 AM,211.2,211.23387,198.58543,0.78219646,4992.8271777,37
7/15/2025 12:47:25 AM,211.2,211.234460685,198.58543,0.78219646,4983.6064009,37
7/15/2025 12:47:27 AM,211.2,211.23546,198.56830012,0.78219646,4969.13825285,37
7/15/2025 12:47:29 AM,211.2,211.23546,198.52945,0.78219646,4957.5786515,37
7/15/2025 12:47:31 AM,211.2,211.23546,198.52945,0.78219646,4961.2464211,37
7/15/2025 12:47:33 AM,211.2,211.21244064,198.52945,0.78219646,4968.018117,37
7/15/2025 12:47:35 AM,211.2,211.17358,198.52945,0.78219646,4963.50374025,37
7/15/2025 12:47:37 AM,211.2,211.17358,198.52945,0.78219646,4961.9726985,37
7/15/2025 12:47:39 AM,211.2,211.17358,198.52945,0.78219646,4962.958,37
7/15/2025 12:47:41 AM,211.2,211.17358,198.52945,0.78219646,4961.36267195,37
7/15/2025 12:47:43 AM,211.2,211.17358,198.535194025,0.78219646,4967.7066922,37
7/15/2025 12:47:45 AM,211.2,211.17400435,198.5515,0.78219646,4982.95569365,37
7/15/2025 12:47:47 AM,211.2,211.17473,198.54366937,0.78219646,4997.323243,37
7/15/2025 12:47:49 AM,211.2,211.17473,198.52144,0.78219646,5002.10631,37
7/15/2025 12:47:51 AM,211.2,211.17473,198.52144,0.78219646,4992.97881635,37
7/15/2025 12:47:53 AM,211.2,211.17473,198.52144,0.78219646,4973.80616405,37
7/15/2025 12:47:55 AM,211.2,211.17473,198.52144,0.78219646,4973.4298489,37
7/15/2025 12:47:57 AM,211.2,211.17473,198.52144,0.78219646,4986.5579622,37
7/15/2025 12:47:59 AM,211.2,211.17473,198.5144,0.78219646,5000.4151481,37
7/15/2025 12:48:01 AM,211.2,211.17473,198.49394,0.78219646,5003.601543,37
7/15/2025 12:48:03 AM,211.2,211.17473,198.49394,0.78219646,4991.0318617,37
7/15/2025 12:48:05 AM,211.2,211.17473,198.49418192,0.78219646,4984.12197215,37
7/15/2025 12:48:07 AM,211.2,211.16317858,198.4949,0.78219646,4988.4696535,37
7/15/2025 12:48:09 AM,211.2,211.14282,198.4949,0.78219646,4996.28747,37
7/15/2025 12:48:11 AM,211.2,211.14282,198.48931316,0.78219646,4995.8469956,37
7/15/2025 12:48:13 AM,211.2,211.14282,198.47273,0.78219646,4992.8344172,37
7/15/2025 12:48:15 AM,211.2,211.14282,198.47273,0.78219646,4990.4961475,37
7/15/2025 12:48:17 AM,211.2,211.14282,198.47273,0.78219646,4994.9085932,37
7/15/2025 12:48:19 AM,211.2,211.14282,198.472303355,0.78219646,5009.3950845,37
7/15/2025 12:48:21 AM,211.2,211.14282,198.47102,0.78219646,5025.4318876,37
7/15/2025 12:48:23 AM,211.2,211.14282,198.47102,0.78219646,5024.9489154,37
7/15/2025 12:48:25 AM,211.2,211.11081312,198.47102,0.78219646,5017.9360886,37
