Timestamp,doubler01_steam_pid.PV01-tit4101.temp-F => (Aggregate=TimeAverage2),doubler01_steam-pid.CV01-FCV4108.cmdpos-% => (Aggregate=TimeAverage2),doubler01--steam-pid.SP.temp-F => (Aggregate=TimeAverage2),doubler01-steam-pid.lit4104.level-% => (Aggregate=TimeAverage2)
7/14/2025 11:28:18 PM,189.85512,22,189.2,39.870630073
7/14/2025 11:28:23 PM,189.86797104,22,189.2,40.0113485466
7/14/2025 11:28:28 PM,189.86818,22,189.2,40.067628532
7/14/2025 11:28:33 PM,189.86818,21.853,189.2,40.0606598816
7/14/2025 11:28:38 PM,189.86818,21,189.2,39.9357773776
7/14/2025 11:28:43 PM,189.86818,21,189.2,39.999572375
7/14/2025 11:28:48 PM,189.855125776,21,189.2,40.020906647
7/14/2025 11:28:53 PM,189.8512,20.4566,189.2,39.9821692352
7/14/2025 11:28:58 PM,189.8512,20,189.2,39.9623888852
7/14/2025 11:29:03 PM,189.8512,20,189.2,39.8594615888
7/14/2025 11:29:08 PM,189.811736124,20,189.2,39.9007581852
7/14/2025 11:29:13 PM,189.735026096,19.8724,189.2,39.9091665232
7/14/2025 11:29:18 PM,189.72136,19,189.2,39.7999323228
7/14/2025 11:29:23 PM,189.72136,20.5528,189.2,39.8263218658
7/14/2025 11:29:28 PM,189.72136,22,189.2,39.8578340416
7/14/2025 11:29:33 PM,189.72136,22,189.2,40.0134262412
7/14/2025 11:29:38 PM,189.69566116,22,189.2,40.05448116
7/14/2025 11:29:43 PM,189.64372,22,189.2,40.1756062588
7/14/2025 11:29:48 PM,189.64372,21.2964,189.2,39.9740894052
7/14/2025 11:29:53 PM,189.644889136,21,189.2,39.811651008
7/14/2025 11:29:58 PM,189.65431,21,189.2,39.9855257404
7/14/2025 11:30:03 PM,189.65431,21,189.2,39.9181823826
7/14/2025 11:30:08 PM,189.65431,21,189.2,39.9679299948
7/14/2025 11:30:13 PM,189.65431,21,189.2,40.1112379956
7/14/2025 11:30:18 PM,189.65431,21,189.2,40.0599667676
7/14/2025 11:30:23 PM,189.65431,21,189.2,40.002845247
7/14/2025 11:30:28 PM,189.6658318,21,189.2,39.820390596
7/14/2025 11:30:33 PM,189.67096,21,189.2,39.7028738212
7/14/2025 11:30:38 PM,189.67096,20.464,189.2,39.9960579808
7/14/2025 11:30:43 PM,189.67096,19,189.2,40.0159357872
7/14/2025 11:30:48 PM,189.67096,19,189.2,39.997729483
7/14/2025 11:30:53 PM,189.67096,19,189.2,39.9548599696
7/14/2025 11:30:58 PM,189.67096,19,189.2,40.017129053
7/14/2025 11:31:03 PM,189.635081746,19,189.2,39.9926635852
7/14/2025 11:31:08 PM,189.59485,18.7572,189.2,40.072117323
7/14/2025 11:31:13 PM,189.59485,18,189.2,40.1127906736
7/14/2025 11:31:18 PM,189.59485,18,189.2,39.9470368578
7/14/2025 11:31:23 PM,189.59485,18,189.2,39.9347235008
7/14/2025 11:31:28 PM,189.59485,18,189.2,40.0132815324
7/14/2025 11:31:33 PM,189.59485,18,189.2,40.06744755
7/14/2025 11:31:38 PM,189.59485,18,189.2,40.08915855
7/14/2025 11:31:43 PM,189.59485,18,189.2,40.0377097544
7/14/2025 11:31:48 PM,189.59485,18,189.2,39.882863409
7/14/2025 11:31:53 PM,189.530155158,17.5806,189.2,39.916623868
7/14/2025 11:31:58 PM,189.44868,17,189.2,39.95772454
7/14/2025 11:32:03 PM,189.44868,17,189.2,40.0816184224
7/14/2025 11:32:08 PM,189.44868,17,189.2,40.1323521528
7/14/2025 11:32:13 PM,189.44868,17,189.2,40.087527886
7/14/2025 11:32:18 PM,189.44868,17,189.2,40.0027271124
7/14/2025 11:32:23 PM,189.44868,17,189.2,39.9242390264
7/14/2025 11:32:28 PM,189.44868,17,189.2,39.8434150802
7/14/2025 11:32:33 PM,189.44868,17,189.2,39.8079448608
7/14/2025 11:32:38 PM,189.44868,17,189.2,39.77469
7/14/2025 11:32:43 PM,189.44868,17,189.2,39.886557552
7/14/2025 11:32:48 PM,189.44868,17,189.2,40.20363
7/14/2025 11:32:53 PM,189.44868,17,189.2,40.20363
7/14/2025 11:32:58 PM,189.44868,17,189.2,40.088390172
7/14/2025 11:33:03 PM,189.44868,17,189.2,40.03401
7/14/2025 11:33:08 PM,189.44868,17,189.2,40.03401
7/14/2025 11:33:13 PM,189.44868,17,189.2,40.047798033
7/14/2025 11:33:18 PM,189.44868,17,189.2,40.066917
7/14/2025 11:33:23 PM,189.44868,17,189.2,40.066917
7/14/2025 11:33:28 PM,189.44868,17,189.2,39.9489810852
7/14/2025 11:33:33 PM,189.44868,17,189.2,39.903435
7/14/2025 11:33:38 PM,189.44868,17,189.2,39.9541909122
7/14/2025 11:33:43 PM,189.44868,17,189.2,40.1755032032
7/14/2025 11:33:48 PM,189.44868,17.5996,189.2,40.129271131
7/14/2025 11:33:53 PM,189.285816016,18,189.2,40.122230506
7/14/2025 11:33:58 PM,189.05108936,18,189.2,40.108173514
7/14/2025 11:34:03 PM,189.04541,18,189.2,40.02219718
7/14/2025 11:34:08 PM,189.04541,18,189.2,39.9756518448
7/14/2025 11:34:13 PM,189.04541,18,189.2,39.9478470578
7/14/2025 11:34:18 PM,189.04541,18,189.2,40.115451217
7/14/2025 11:34:23 PM,189.04541,18,189.2,40.1167229544
7/14/2025 11:34:28 PM,189.04541,18.5854,189.2,40.0380847938
7/14/2025 11:34:33 PM,189.04541,19,189.2,40.0433518772
7/14/2025 11:34:38 PM,189.04541,19,189.2,39.9295611772
7/14/2025 11:34:43 PM,189.04541,19,189.2,39.925262616
7/14/2025 11:34:48 PM,189.04541,19,189.2,39.9630400704
7/14/2025 11:34:53 PM,189.04514941,19.3808,189.2,40.0319938648
7/14/2025 11:34:58 PM,188.78482,20,189.2,40.0539869412
7/14/2025 11:35:03 PM,188.78482,20,189.2,40.0237314712
7/14/2025 11:35:08 PM,188.78482,20,189.2,40.0303074672
7/14/2025 11:35:13 PM,188.78482,20,189.2,39.9553715636
7/14/2025 11:35:18 PM,188.73065422,20.9752,189.2,39.9252903602
7/14/2025 11:35:23 PM,188.7306,21,189.2,40.0101429814
7/14/2025 11:35:28 PM,188.7306,21,189.2,39.9121371958
7/14/2025 11:35:33 PM,188.7306,21,189.2,40.0621721808
7/14/2025 11:35:38 PM,188.72639866,21,189.2,40.0494118146
7/14/2025 11:35:43 PM,188.72345,21,189.2,40.2088095632
7/14/2025 11:35:48 PM,188.72345,21,189.2,40.2562032032
7/14/2025 11:35:53 PM,188.72345,21,189.2,39.9785653122
7/14/2025 11:35:58 PM,188.72345,22.9256,189.2,40.0119118056
7/14/2025 11:36:03 PM,188.755106432,23,189.2,39.9386082444
7/14/2025 11:36:08 PM,188.76389,23,189.2,39.7079004144
7/14/2025 11:36:13 PM,188.76389,23,189.2,39.8042488326
7/14/2025 11:36:18 PM,188.79456494,23.1596,189.2,39.9668591316
7/14/2025 11:36:23 PM,188.814928224,24,189.2,40.009958665
7/14/2025 11:36:28 PM,188.81049,24,189.2,40.0098524174
7/14/2025 11:36:33 PM,188.81049,24,189.2,39.981425811
7/14/2025 11:36:38 PM,188.81049,24,189.2,39.9971048432
7/14/2025 11:36:43 PM,188.81049,24,189.2,39.93584823
7/14/2025 11:36:48 PM,188.81049,24.1544,189.2,40.00715329
7/14/2025 11:36:53 PM,188.81049,25,189.2,40.1746920584
7/14/2025 11:36:58 PM,188.81049,25,189.2,39.9440315956
7/14/2025 11:37:03 PM,188.81049,25,189.2,39.7719588074
7/14/2025 11:37:08 PM,188.81049,25,189.2,39.8513435938
7/14/2025 11:37:13 PM,188.81049,25,189.2,39.8277683644
7/14/2025 11:37:18 PM,188.851800808,25,189.2,39.903603876
7/14/2025 11:37:23 PM,189.06998,25,189.2,39.9445667934
7/14/2025 11:37:28 PM,189.06998,25,189.2,39.8491017304
7/14/2025 11:37:33 PM,189.06998,25,189.2,39.8623414792
7/14/2025 11:37:38 PM,189.086402912,25,189.2,40.0923322468
7/14/2025 11:37:43 PM,189.1769,25,189.2,40.102421259
7/14/2025 11:37:48 PM,189.182240096,25,189.2,39.8313282132
7/14/2025 11:37:53 PM,189.21194,25,189.2,39.75850493
7/14/2025 11:37:58 PM,189.21194,25,189.2,39.9933082744
7/14/2025 11:38:03 PM,189.21194,25,189.2,39.9121610084
7/14/2025 11:38:08 PM,189.21194,25,189.2,39.9030643158
7/14/2025 11:38:13 PM,189.21194,25,189.2,39.8987083932
7/14/2025 11:38:18 PM,189.228852008,25,189.2,39.760624147
7/14/2025 11:38:23 PM,189.33585968,25,189.2,39.7933084
7/14/2025 11:38:28 PM,189.35342,25,189.2,39.750490611
7/14/2025 11:38:33 PM,189.35342,25,189.2,39.7410529492
7/14/2025 11:38:38 PM,189.35342,25,189.2,39.765855438
7/14/2025 11:38:43 PM,189.35342,25,189.2,39.7186045866
7/14/2025 11:38:48 PM,189.35342,25,189.2,39.7833571324
7/14/2025 11:38:53 PM,189.35342,25,189.2,39.9294396368
7/14/2025 11:38:58 PM,189.481881704,25,189.2,39.9536434048
7/14/2025 11:39:03 PM,189.48956,24.6792,189.2,39.728546428
7/14/2025 11:39:08 PM,189.519217328,24,189.2,39.7123122496
7/14/2025 11:39:13 PM,189.52103,24,189.2,39.6739817138
7/14/2025 11:39:18 PM,189.52103,24,189.2,39.6950248568
7/14/2025 11:39:23 PM,189.52103,24,189.2,39.777168197
7/14/2025 11:39:28 PM,189.52103,24,189.2,39.8930705568
7/14/2025 11:39:33 PM,189.52103,24,189.2,39.923715275
7/14/2025 11:39:38 PM,189.54332374,23.8824,189.2,39.9304997296
7/14/2025 11:39:43 PM,189.56233,23,189.2,39.9952789028
7/14/2025 11:39:48 PM,189.56233,23,189.2,39.839863116
7/14/2025 11:39:53 PM,189.56233,23,189.2,39.9706038218
7/14/2025 11:39:58 PM,189.56233,23,189.2,39.9927494448
7/14/2025 11:40:03 PM,189.56233,23,189.2,39.8687551384
7/14/2025 11:40:08 PM,189.56233,23,189.2,39.7854953016
7/14/2025 11:40:13 PM,189.503827972,23,189.2,39.8482772736
7/14/2025 11:40:18 PM,189.479501536,23,189.2,39.8941321708
7/14/2025 11:40:23 PM,189.463908072,22.9997089639115,189.2,39.8450528538
7/14/2025 11:40:28 PM,189.47244,No Data,189.2,39.8100618934
7/14/2025 11:40:33 PM,189.467708532,No Data,189.2,39.7841874592
7/14/2025 11:40:38 PM,189.45818,No Data,189.2,39.7365689156
7/14/2025 11:40:43 PM,189.45818,No Data,189.2,39.7376698476
7/14/2025 11:40:48 PM,189.45818,No Data,189.2,39.8219176348
7/14/2025 11:40:53 PM,189.4551203,No Data,189.2,39.8613409128
7/14/2025 11:40:58 PM,189.44888,No Data,189.2,39.8237085138
7/14/2025 11:41:03 PM,189.44888,No Data,189.2,39.8128309338
7/14/2025 11:41:08 PM,189.44888,No Data,189.2,39.82020366
7/14/2025 11:41:13 PM,189.44888,No Data,189.2,39.884447958
