Timestamp,still01-lwc-pid.CV01-fcv4032-% => (Aggregate=TimeAverage2),still01-lwc-pid.enabled => (Aggregate=StartBound),still01-lwc-pid.SP01-fcv4034.SP-temp => (Aggregate=TimeAverage2),still01-lwc-pid.DV01-pit4012-psi => (Aggregate=TimeAverage2),still01-lwc-pid.DV02-tit52001.temp => (Aggregate=TimeAverage2),still01-lwc-pid.DV03-pit52006-psi => (Aggregate=TimeAverage2),still01-lwc-pid.DV04-fit52101-gpm => (Aggregate=TimeAverage2),still01-lwc-pid.PV01-tit4033-prodtemp => (Aggregate=TimeAverage2),still01-lwc-pid.PV02-tit4031-venttemp => (Aggregate=TimeAverage2),still01-lwc-pid.PV03-tit4021-lwctemp => (Aggregate=TimeAverage2),still01-lwc-pid.PV04-WeightedCalc-tempT_4021 => (Aggregate=TimeAverage2)
7/15/2025 5:01:41 AM,19,True,148,0.0122678755,77.55273,42.994293,793.81378964,113.601486875,161.5498,172.82767,165.8938
7/15/2025 5:01:43 AM,19,True,148,0.0122678755,77.55273,43.018878344,784.86948845,112.46344464,161.53490416,172.82767,165.8938
7/15/2025 5:01:45 AM,19,True,148,0.0122678755,77.552426725,43.021732,792.20089752,111.93256,161.23947,172.76685,165.8938
7/15/2025 5:01:47 AM,19,True,148,0.0122678755,77.55238,42.997997495,796.6639561,111.248047,161.23947,172.76685,165.8938
7/15/2025 5:01:49 AM,19,True,148,0.0122678755,77.5642325,42.995213,786.4541826,110.33136,161.23947,172.76685,165.382132945
7/15/2025 5:01:51 AM,19,True,148,0.0122678755,77.56613,43.0046010045,787.9093747,110.33136,161.23947,172.76685,165.24571
7/15/2025 5:01:53 AM,19,True,148,0.0122678755,77.56613,43.00572,788.793442,109.26791225,161.20611031,172.78873809,165.065403705
7/15/2025 5:01:55 AM,19,True,148,0.0122678755,77.56613,43.00572,788.96790787,107.3753395,160.50629,172.78876,165.01704
7/15/2025 5:01:57 AM,19,True,148,0.0122678755,77.56613,42.99163739,786.143322845,106.41702072,160.49246195,172.78874625,165.01704
7/15/2025 5:01:59 AM,19,True,148,0.0122678755,77.56613,43.014895375,788.34628526,105.95091,160.199,172.76126,164.7583531
7/15/2025 5:02:01 AM,19,True,148,0.0122678755,77.5590642,43.0179,791.97631129,105.30825985,160.199,172.76126,164.68834
7/15/2025 5:02:03 AM,19,True,148,0.0122678755,77.55789,43.0179,788.13109175,104.42261,160.199,172.76126,164.48295339
7/15/2025 5:02:05 AM,19,True,148,0.0122678755,77.55789,43.0179,794.86942,103.8361076,160.17477064,172.76126,164.3597685
7/15/2025 5:02:07 AM,19,True,148,0.0122678755,77.55789,43.003521042,788.63505375,103.000786,159.60740199,172.76126,164.24372389
7/15/2025 5:02:09 AM,19,True,148,0.0122678755,77.55789,43.017392056,796.87289454,102.366002768,159.42822,172.62565145,164.21692
7/15/2025 5:02:11 AM,19,True,148,0.0122678755,77.55789,43.019314,792.10765484,101.178335112,159.42822,172.62497,164.07726608
7/15/2025 5:02:13 AM,19,True,148,0.0122678755,77.55789,42.9831495985,786.560545,100.539110806,159.42822,172.62497,163.949290795
7/15/2025 5:02:15 AM,19,True,148,0.0122678755,77.564056125,42.978657,795.47154103,99.88678696,159.42822,172.62497,163.92456
7/15/2025 5:02:17 AM,19,True,148,0.0122678755,77.56514,43.013509301,784.30108896,99.16093864,159.400235505,172.60424559,163.92456
7/15/2025 5:02:19 AM,19,True,148,0.0122678755,77.56514,43.017883,791.2428859,98.41348728,158.70135,172.60411,163.92456
7/15/2025 5:02:21 AM,19,True,148,0.0122678755,77.56514,43.017883,790.9492304,97.629368235,158.68914185,172.60411,163.68388016
7/15/2025 5:02:23 AM,19,True,148,0.0122678755,77.56514,43.017883,791.77759775,96.98580868,158.3714,172.63362695,163.6156
7/15/2025 5:02:25 AM,19,True,148,0.0122678755,77.57002175,43.017883,793.52480198,96.3557603,158.3714,172.63385,163.6156
7/15/2025 5:02:27 AM,19,True,148,0.0122678755,77.57089,42.999162706,791.04567872,95.6924111,158.3714,172.63385,163.6156
7/15/2025 5:02:29 AM,19,True,148,0.03210950240125,77.57089,43.017602212,789.4926058,95.12872177,158.3505965,172.63385,163.428527795
7/15/2025 5:02:31 AM,19,True,148,0.036809158,77.57089,43.020298,789.94803807,94.511860625,157.7684,172.63385,163.37561
7/15/2025 5:02:33 AM,19,True,148,0.036809158,77.578489276,43.020298,784.1127124,93.84381628,157.7684,172.63385,163.37561
7/15/2025 5:02:35 AM,19,True,148,0.036809158,77.579926,43.020298,792.6505815,93.28399649,157.7684,172.63385,163.37561
7/15/2025 5:02:37 AM,19,True,148,0.036809158,77.579926,42.998311152,787.290612,92.6958094375,157.7684,172.63385,163.37561
7/15/2025 5:02:39 AM,19,True,148,0.036809158,77.579926,42.995426,784.98793005,92.192071085,157.7684,172.63385,163.37561
7/15/2025 5:02:41 AM,19,True,148,0.036809158,77.579926,43.015513681,795.9085891,91.912346,157.740263125,172.63385,163.37561
7/15/2025 5:02:43 AM,19,True,148,0.036809158,77.579926,42.9920546975,788.0241418,91.504906488,156.89703094,172.855349575,163.11283764
7/15/2025 5:02:45 AM,19,True,148,0.036809158,77.568209188,42.98857,784.4261351,90.88605,156.72139,172.8577,163.03633
7/15/2025 5:02:47 AM,19,True,148,0.036809158,77.565994,42.98857,793.1535215,90.51974438,156.72139,172.8577,163.03633
7/15/2025 5:02:49 AM,19,True,148,0.038755539504,77.565994,43.0187002,794.7206694,89.958694,156.72139,172.8577,163.03633
7/15/2025 5:02:51 AM,19,True,148,0.039218046,77.574103363,42.994203575,792.5857117,89.958694,156.72139,172.8577,162.95371828
7/15/2025 5:02:53 AM,19,True,148,0.039218046,77.5757,42.990345,792.663373025,89.496052828,156.72139,172.99981575,162.92932
7/15/2025 5:02:55 AM,19,True,148,0.039218046,77.5757,42.9876546095,794.929685175,88.64103248,156.72139,173.0022,162.92932
7/15/2025 5:02:57 AM,19,True,148,0.039218046,77.5757,43.013127721,784.59852025,88.42318,156.72139,173.0022,162.92932
7/15/2025 5:02:59 AM,19,True,148,0.039218046,77.5757,43.016685,778.9647917,88.42318,156.72139,173.0022,162.92932
7/15/2025 5:03:01 AM,19,True,148,0.039218046,77.5757,43.0005872625,797.4718937,88.139677624,156.696948895,173.11667035,162.92932
7/15/2025 5:03:03 AM,19,True,148,0.039218046,77.5757,43.02337608,801.1760779,87.699036,155.468,173.11865,162.87177679
7/15/2025 5:03:05 AM,19,True,148,0.039218046,77.571880089,43.02692,790.5590455,87.699036,155.468,173.11865,162.85454
7/15/2025 5:03:07 AM,19,True,148,0.039218046,77.597818202,42.99334292,792.35193744,87.44970081,155.46321644,173.10576616,162.85454
7/15/2025 5:03:09 AM,19,True,148,0.039218046,77.60327,42.98859,801.12501706,86.9650684475,155.06744436,173.10553,162.7577229
7/15/2025 5:03:11 AM,19,True,148,0.039218046,77.60327,42.98859,789.02563435,86.81672,154.9089,173.048082505,162.72864
7/15/2025 5:03:13 AM,19,True,148,0.039218046,77.60327,42.98859,791.252279225,86.81672,154.9089,173.04694,162.637740765
7/15/2025 5:03:15 AM,19,True,148,0.039218046,77.60327,42.98859,790.356579755,86.81672,154.9089,173.04694,162.61005
7/15/2025 5:03:17 AM,19,True,148,0.039218046,77.60327,42.98859,778.45767337,86.527269125,154.9089,173.04694,162.61005
7/15/2025 5:03:19 AM,19,True,148,0.039218046,77.60327,42.98859,778.7284081,85.98851115,154.90367688,172.81942334,162.61005
7/15/2025 5:03:21 AM,19,True,148,0.039218046,77.591958521,42.99901245,776.70315515,85.85874,154.25452383,172.81335,162.61005
7/15/2025 5:03:23 AM,19,True,148,0.039218046,77.589584,42.9905719495,789.43126771,85.73946576,154.09088,172.81335,162.61005
7/15/2025 5:03:25 AM,19,True,148,0.039218046,77.589584,43.012657604,792.17954274,85.54813,154.09088,172.81335,162.61005
7/15/2025 5:03:27 AM,19,True,148,0.039218046,77.589584,42.9956984,792.4286208,85.54813,154.09088,172.81335,162.61005
7/15/2025 5:03:29 AM,19,True,148,0.039218046,77.589584,43.00913976,784.6142696,85.54813,154.09088,172.502935575,162.1523856
7/15/2025 5:03:31 AM,19,True,148,0.039218046,77.589477833,42.99569704,786.7201905,85.38119687,154.09088,172.4935,162.00786
7/15/2025 5:03:33 AM,19,True,148,0.039218046,77.589455,42.99337,789.0769584,85.054245,154.08794322,172.4935,162.00786
7/15/2025 5:03:35 AM,19,True,148,0.039218046,77.589455,43.0191655265,788.40208387,85.054245,153.2518,172.4935,162.00786
7/15/2025 5:03:37 AM,19,True,148,0.039218046,77.589455,43.023003,785.42889119,85.054245,153.2518,172.4935,161.85099927
7/15/2025 5:03:39 AM,19,True,148,0.039218046,77.589455,42.9928706425,800.7050376,85.054245,152.94917293,172.28618344,161.8016
7/15/2025 5:03:41 AM,19,True,148,0.039218046,77.60751157,42.988388,785.5788275,85.054245,152.94887,172.27933,161.8016
7/15/2025 5:03:43 AM,19,True,148,0.039218046,77.611435,43.009009062,785.03649895,84.84146863,152.94887,172.27933,161.8016
7/15/2025 5:03:45 AM,19,True,148,0.039218046,77.611435,43.012104,797.91041472,84.41719,152.94887,172.27933,161.8016
7/15/2025 5:03:47 AM,19,True,148,0.039218046,77.611435,42.997390321,800.2815592,84.41719,152.38432724,172.27933,161.8016
7/15/2025 5:03:49 AM,19,True,148,0.039218046,77.611435,42.995182,796.52644695,84.41719,152.21156472,172.27933,161.8016
7/15/2025 5:03:51 AM,19,True,148,0.039218046,77.5996792725,43.00828446,788.2459078,84.41719,152.21088,172.27933,161.8016
7/15/2025 5:03:53 AM,19,True,148,0.039218046,77.59709,43.010277,787.03906375,84.41719,152.21088,172.27933,161.59919884
7/15/2025 5:03:55 AM,19,True,148,0.039218046,77.59709,43.010277,782.362886975,84.250601305,152.21088,172.27933,161.53458
7/15/2025 5:03:57 AM,19,True,148,0.039218046,77.59709,43.010277,782.939301,83.91466,152.21088,172.27933,161.53458
7/15/2025 5:03:59 AM,19,True,148,0.039218046,77.59709,43.010277,787.325428925,83.91466,152.21088,172.27933,161.53458
7/15/2025 5:04:01 AM,19,True,148,0.039218046,77.59709,43.00927418,790.26279825,83.85682048,151.38684435,172.04224416,161.53458
7/15/2025 5:04:03 AM,19,True,148,0.020640201496,77.59709,42.984612232,794.3608645,83.73832,151.37978,172.03185,161.53458
7/15/2025 5:04:05 AM,19,True,148,0.015686894,77.59709,42.980755,794.081083555,83.73832,151.08673067,172.03185,161.43545916
7/15/2025 5:04:07 AM,19,True,148,0.015686894,77.59709,42.980755,795.01955168,83.73832,151.08392,172.0001733,161.40312
7/15/2025 5:04:09 AM,19,True,148,0.015686894,77.59709,42.980755,794.082224685,83.73832,151.08392,171.99875,161.40312
7/15/2025 5:04:11 AM,19,True,148,0.015686894,77.6094476,43.0019595625,788.20157808,83.73832,151.08392,171.99875,161.41800208
7/15/2025 5:04:13 AM,19,True,148,0.015686894,77.61229,43.00534,789.31144524,83.73832,150.56725049,172.06078862,161.42291
7/15/2025 5:04:15 AM,19,True,148,0.015686894,77.61229,43.001627025,789.9413238,83.73832,150.3864654,172.06378,161.42291
7/15/2025 5:04:17 AM,19,True,148,0.015686894,77.61229,43.02187656,799.43317831,83.73832,150.38382,172.06378,161.42291
7/15/2025 5:04:19 AM,19,True,148,0.015686894,77.61229,43.002429432,790.7972101,83.73832,150.38382,172.06378,161.42291
7/15/2025 5:04:21 AM,19,True,148,0.015686894,77.6083776625,42.998577,793.50479125,83.73832,150.38382,172.06378,161.42291
7/15/2025 5:04:23 AM,19,True,148,0.015686894,77.588105245,42.998577,787.93074792,83.602066371,149.87021436,172.26194062,161.42291
7/15/2025 5:04:25 AM,19,True,148,0.015686894,77.6109148125,42.998577,791.3712594,83.314514,149.8608,172.2727,161.42291
7/15/2025 5:04:27 AM,19,True,148,0.015686894,77.617455,42.975048128,787.93405944,83.314514,149.57115306,172.2727,161.42291
7/15/2025 5:04:29 AM,19,True,148,0.015686894,77.617455,43.005198785,791.863155835,83.2895188,149.56494,172.2727,161.42291
7/15/2025 5:04:31 AM,19,True,148,0.015686894,77.61325977,42.989088416,783.204850595,83.236404,149.56494,172.2727,161.648188255
7/15/2025 5:04:33 AM,19,True,148,0.015686894,77.61225,42.985424,784.6244855,83.236404,149.56494,172.2727,161.7255
7/15/2025 5:04:35 AM,19,True,148,0.015686894,77.61225,42.985424,781.79649667,83.236404,149.56494,172.31706362,161.7255
7/15/2025 5:04:37 AM,19,True,148,0.015686894,77.61225,42.992804263,784.98164635,83.236404,149.18352801,172.49124,161.7255
7/15/2025 5:04:39 AM,19,True,148,0.015686894,77.61225,43.0094205175,786.88114096,83.236404,148.84665,172.49124,161.7255
7/15/2025 5:04:41 AM,19,True,148,0.015686894,77.61225,42.994102,781.3735,83.063799749,148.71089024,172.49124,161.7255
7/15/2025 5:04:43 AM,19,True,148,0.015686894,77.61225,42.996541218,784.4847147,83.05595,148.54729,172.49124,161.7255
7/15/2025 5:04:45 AM,19,True,148,0.015686894,77.61225,43.00382,793.4632172,83.05595,148.54729,172.49124,161.7255
7/15/2025 5:04:47 AM,19,True,148,0.015686894,77.614121265,42.997243,792.8923036,83.05595,148.54729,172.49124,161.7255
7/15/2025 5:04:49 AM,19,True,148,0.015686894,77.62256,42.977512,787.92428836,83.05595,148.298791,172.49124,161.7255
7/15/2025 5:04:51 AM,19,True,148,0.015686894,77.62256,42.977512,792.10601093,83.05595,147.99507,172.49124,161.729241105
7/15/2025 5:04:53 AM,19,True,148,0.015686894,77.62256,42.983835355,791.721178175,83.05595,147.99507,172.49124,161.87221
7/15/2025 5:04:55 AM,19,True,148,0.015686894,77.62256,43.002907,791.3438925,83.05595,147.99507,172.49124,161.87221
7/15/2025 5:04:57 AM,19,True,148,0.015686894,77.62256,43.002907,786.65456016,83.05595,147.99507,172.49124,161.87221
7/15/2025 5:04:59 AM,19,True,148,0.015686894,77.62256,43.002907,785.154371525,83.05595,147.99507,172.49124,161.87221
7/15/2025 5:05:01 AM,19,True,148,0.015686894,77.62256,43.000944091,784.7367535,83.05595,147.99507,172.53679186,161.87221
7/15/2025 5:05:03 AM,19,True,148,0.015686894,77.62256,42.999746537,791.6959355,83.05595,147.99507,172.72726,161.87221
7/15/2025 5:05:05 AM,19,True,148,0.015686894,77.62256,43.006595052,781.41767675,83.05595,147.99507,172.72726,161.87221
7/15/2025 5:05:07 AM,19,True,148,0.015686894,77.62256,42.9902167025,788.556376,82.854507825,147.99507,172.72726,161.8747712
7/15/2025 5:05:09 AM,19,True,148,0.015686894,77.62256,43.013195,781.55386075,82.82374,147.99507,172.72726,162.00027
7/15/2025 5:05:11 AM,19,True,148,0.015686894,77.62256,43.013195,790.52203096,82.82374,147.33937524,172.72726,162.00027
7/15/2025 5:05:13 AM,19,True,148,0.015686894,77.62256,43.013195,788.03447102,82.82374,146.51828,172.72726,162.00027
7/15/2025 5:05:15 AM,19,True,148,0.015686894,77.62256,43.007549867,790.4073944,82.82374,146.51828,172.72726,162.00027
7/15/2025 5:05:17 AM,19,True,148,0.015686894,77.62256,42.996526458,795.6226531,82.82374,146.33512608,172.72726,162.00027
7/15/2025 5:05:19 AM,19,True,148,0.01687078101,77.62256,43.0075063395,790.27946268,82.82374,146.10484,172.72726,162.00027
7/15/2025 5:05:21 AM,19,True,148,0.03201637,77.62256,42.9889492355,795.9160429,82.82374,146.10484,172.72726,162.00262952
7/15/2025 5:05:23 AM,19,True,148,0.03201637,77.62256,43.015297065,794.0361688,82.82374,146.10484,172.7796508,162.14774
7/15/2025 5:05:25 AM,19,True,148,0.03201637,77.62256,42.9937016535,788.426634,82.82374,146.10484,173.00446,162.14774
7/15/2025 5:05:27 AM,19,True,148,0.03201637,77.62256,43.012497,775.88127105,82.82374,146.10484,173.0085412,162.14774
7/15/2025 5:05:29 AM,19,True,148,0.03201637,77.62256,43.0094496855,786.79519295,82.82374,146.10484,173.02594,162.14794405
7/15/2025 5:05:31 AM,19,True,148,0.03201637,77.62256,43.002099006,782.54786656,82.82374,145.7182296,173.02594,162.16629
7/15/2025 5:05:33 AM,19,True,148,0.03201637,77.62256,43.004196668,785.80428088,82.82374,145.22618,173.02594,162.16629
7/15/2025 5:05:35 AM,19,True,148,0.03201637,77.618962525,42.98666,783.749949425,82.541647782,145.22618,173.01591396,162.16599595
7/15/2025 5:05:37 AM,19,True,148,0.03201637,77.604793495,42.994504625,782.2033627,82.493034,145.22618,172.97261,162.10748
7/15/2025 5:05:39 AM,19,True,148,0.03201637,77.622604,43.01969,797.648035,82.493034,145.01800736,172.97261,162.10748
7/15/2025 5:05:41 AM,19,True,148,0.03201637,77.622604,43.01969,794.0788744,82.493034,144.7509,172.948678645,162.10748
7/15/2025 5:05:43 AM,19,True,148,0.03201637,77.621843693,43.01969,799.34049984,82.493034,144.6398975,172.8436,162.10748
7/15/2025 5:05:45 AM,19,True,148,0.03201637,77.61801,43.01342584,794.026667515,82.3855090275,144.49718,172.8436,162.10748
7/15/2025 5:05:47 AM,19,True,148,0.03201637,77.61801,42.997844794,791.05047485,82.366905,144.49718,172.8436,162.10721508
7/15/2025 5:05:49 AM,19,True,148,0.03201637,77.61801,43.013462,793.27399551,82.366905,144.49718,172.8436,161.84256
7/15/2025 5:05:51 AM,19,True,148,0.03201637,77.61801,43.0050586925,796.54833632,82.366905,144.29639705,172.8436,161.84256
7/15/2025 5:05:53 AM,19,True,148,0.03201637,77.61801,42.9886096025,788.5399772,82.366905,144.03561,172.8436,161.84256
7/15/2025 5:05:55 AM,19,True,148,0.03201637,77.61801,43.014582176,793.78022552,82.366905,144.03561,172.8436,161.84256
7/15/2025 5:05:57 AM,19,True,148,0.03201637,77.61801,42.980736,790.36651184,82.366905,143.86621554,172.8436,161.84256
7/15/2025 5:05:59 AM,19,True,148,0.03201637,77.61801,42.979297794,788.0828583,82.366905,143.64485,172.8436,161.84256
7/15/2025 5:06:01 AM,19,True,148,0.03201637,77.613485025,42.982284765,785.58709293,82.366905,143.64485,172.8436,161.84256
7/15/2025 5:06:03 AM,19,True,148,0.03201637,77.58928,43.00824,785.883907205,82.366905,143.64485,172.8436,161.84256
7/15/2025 5:06:05 AM,19,True,148,0.03201637,77.59427875,43.00824,785.67823908,82.1134916625,143.43758641,172.8436,161.84256
7/15/2025 5:06:07 AM,18.722,True,148,0.03201637,77.62153,43.004400586,796.1180652,82.06683,143.16396,172.8436,161.84256
7/15/2025 5:06:09 AM,17,True,148,0.03201637,77.62153,42.9867849975,794.9591308,82.06683,143.0489393,172.8436,161.84256
7/15/2025 5:06:11 AM,17,True,148,0.031165383821,77.62153,42.979055726,788.52374939,82.06683,142.89647,172.8436,161.84256
7/15/2025 5:06:13 AM,17,True,148,0.015960027,77.62153,43.007504566,789.63822504,82.06683,142.89647,172.8436,161.84256
7/15/2025 5:06:15 AM,17,True,148,0.015960027,77.62153,43.0248436455,784.3636734,82.06683,142.89647,172.8436,161.84256
7/15/2025 5:06:17 AM,17,True,148,0.015960027,77.62153,43.080105,782.92259544,81.9933132,142.89647,172.6921432,161.21214402
7/15/2025 5:06:19 AM,17,True,148,0.01763021115,77.62153,43.077147886,775.438744,81.97931,142.627401995,171.98305,161.2077
7/15/2025 5:06:21 AM,17,True,148,0.04936371,77.62153,43.068325975,775.86820935,81.97931,142.26854,171.98305,161.2077
7/15/2025 5:06:23 AM,17,True,148,0.04936371,77.62153,43.073124,780.8817792,81.97931,142.26854,171.96557906,161.2077
7/15/2025 5:06:25 AM,17,True,148,0.04936371,77.62153,43.0681466105,774.259228,81.97931,142.26854,171.881762345,161.0949242
7/15/2025 5:06:27 AM,17,True,148,0.04936371,77.62153,43.050953,775.58978974,82.00041922,142.05550592,171.880955635,161.0939
7/15/2025 5:06:29 AM,17,True,148,0.04936371,77.62153,43.050953,775.8235459,82.0045,141.70260625,171.90361,161.131134885
7/15/2025 5:06:31 AM,17,True,148,0.04936371,77.62153,43.0441579295,780.5000788,82.0045,141.61351,171.92628631,161.13153
7/15/2025 5:06:33 AM,17,True,148,0.04936371,77.62153,43.02055,772.494862105,82.0045,141.61351,172.03622,161.25397809
7/15/2025 5:06:35 AM,17,True,148,0.04936371,77.617480405,43.02055,775.09421226,82.0045,141.47310275,172.03622,161.34195237
7/15/2025 5:06:37 AM,17,True,148,0.04936371,77.59426,43.024263684,776.45060605,82.0045,141.26388468,172.03622,161.34296
7/15/2025 5:06:39 AM,17,True,148,0.05461261494,77.595565375,43.037354,774.9753576,82.09300165,141.26810064,172.1152106,161.34296
7/15/2025 5:06:41 AM,17,True,148,0.167233658415,77.60311,43.029436896,779.554744,82.152770777,141.47629543,172.50362,161.34296
7/15/2025 5:06:43 AM,17,True,148,0.1654521,77.60311,43.00153,771.94009855,82.249065568,141.95331733,172.50362,161.81182985
7/15/2025 5:06:45 AM,17,True,148,0.16724410432,77.60311,43.0088578765,774.4225,82.4160882975,142.66108585,172.570259875,161.81897
7/15/2025 5:06:47 AM,17,True,148,0.20572186,77.60311,43.0259283445,776.97322825,82.445755,143.59775354,172.90147,162.11376868
7/15/2025 5:06:49 AM,17,True,148,0.20572186,77.60311,43.000094777,781.44372044,83.2441654835,144.72602154,172.951611475,162.28683144
7/15/2025 5:06:51 AM,17,True,148,0.20572186,77.60311,43.019997,781.95879626,84.023599964,146.0763534,173.20262,162.28957
7/15/2025 5:06:53 AM,17,True,148,0.20572186,77.60311,43.012990698,774.1033289,85.06752182,147.58040968,173.20262,162.751374475
7/15/2025 5:06:55 AM,17,True,148,0.2076046644,77.60311,42.994631004,768.9698298,86.45726928,149.32200271,173.20262,162.7596
7/15/2025 5:06:57 AM,17,True,148,0.25233412546,77.60311,43.01498389,772.90374131,88.1471775105,151.162864405,173.20262,163.38291759
7/15/2025 5:06:59 AM,17,True,148,0.24162503,77.60110354,43.00024,772.34985592,90.55995927,152.77044144,173.305662875,163.39499
7/15/2025 5:07:01 AM,17,True,148,0.243308479325,77.58898,43.00024,775.7821089,92.9206242375,154.30309415,173.83673,164.091409735
7/15/2025 5:07:03 AM,17,True,148,0.28319168,77.58898,43.00024,779.20425455,95.4199559,155.75073088,173.866006225,164.49972424
7/15/2025 5:07:05 AM,17,True,148,0.28319168,77.58898,43.002207515,774.790749475,98.121528775,156.56511,174.02028,164.9740688
7/15/2025 5:07:07 AM,17,True,148,0.28319168,77.58898,43.00937,778.045926525,100.950144225,157.654344135,174.02028,164.98553
7/15/2025 5:07:09 AM,17,True,148,0.28470923825,77.58898,43.0056516425,775.58745175,104.3370042,159.68119924,174.02028,164.98553
7/15/2025 5:07:11 AM,17,True,148,0.3236599,77.58898,42.992035,778.32113206,107.23113036,160.7977398,174.06675729,164.98553
7/15/2025 5:07:13 AM,17,True,148,0.3236599,77.58898,42.99319381,771.6200597,109.89176775,161.71878825,174.31259,166.52615576
7/15/2025 5:07:15 AM,17.502,True,148,0.3236599,77.58896904,42.9986150695,774.35497204,112.47786875,162.55798,174.31259,166.56404
7/15/2025 5:07:17 AM,21,True,148,0.32377023925,77.5889,42.98580496,773.73654925,115.007884595,163.314511125,174.31259,167.39450954
7/15/2025 5:07:19 AM,21,True,148,0.32681245,77.5889,42.917210056,786.491755,117.49735776,163.973425625,174.31259,167.41406
7/15/2025 5:07:21 AM,21,True,148,0.32105849402,77.5889,42.898525,792.9460225,120.44891008,164.64147982,174.31259,167.41406
7/15/2025 5:07:23 AM,21,True,148,0.15505257,77.5889,42.907606072,790.581865125,122.958454825,165.10764,174.31259,167.41406
7/15/2025 5:07:25 AM,21,True,148,0.15316959085,77.5889,42.9389008565,795.38598815,125.26584147,165.4759102,174.40281596,168.8097335
7/15/2025 5:07:27 AM,21,True,148,0.09711475,77.5889,42.93441994,797.42848525,127.47024297,166.15281317,174.87827,169.1738025
7/15/2025 5:07:29 AM,21,True,148,0.09712755146,77.5889,42.95987001,793.3098024,129.53685668,166.36472,174.87827,169.54710962
7/15/2025 5:07:31 AM,21,True,148,0.09753447,77.5889,42.94120116,789.78863185,131.49462726,166.457429075,174.87827,169.55685
7/15/2025 5:07:33 AM,21,True,148,0.0971280186,77.5889,42.952181265,792.84326348,133.6850259,166.59900584,174.913954775,170.085549625
7/15/2025 5:07:35 AM,21,True,148,0.08398609,77.588307615,42.93378,793.685371475,135.47175139,166.58364934,175.10484,170.1005
7/15/2025 5:07:37 AM,21,True,148,0.08398609,77.58429,42.93378,794.757454475,137.03964278,166.4989469,175.115546175,170.554821975
7/15/2025 5:07:39 AM,21,True,148,0.08398609,77.58429,42.93378,797.19997986,138.476680625,166.43051,175.17369,170.56815
7/15/2025 5:07:41 AM,21,True,148,0.08398609,77.58429,42.945668878,793.79601621,139.7717231,166.295637565,175.17369,170.9464791
7/15/2025 5:07:43 AM,21,True,148,0.08398609,77.58429,42.991493,795.5207258,140.89645265,166.09708,175.172198755,171.0817774
7/15/2025 5:07:45 AM,21,True,148,0.08398609,77.58429,42.991493,799.02819885,141.8868518,165.9453933,175.1641,171.165128085
7/15/2025 5:07:47 AM,21,True,148,0.08398609,77.58429,42.987540272,793.802670955,142.26290718,165.62399871,175.1570776,171.19899653
7/15/2025 5:07:49 AM,21,True,148,0.08398609,77.58175048,42.9778615145,795.73001512,142.31752994,165.48285,175.1185,171.17854912
7/15/2025 5:07:51 AM,21,True,148,0.08398609,77.56381,42.999344,791.10205905,141.75774031,165.48285,175.1185,171.0864124
7/15/2025 5:07:53 AM,21,True,148,0.08398609,77.56381,42.999344,799.0940864,140.83997659,165.48285,175.1185,171.08339
7/15/2025 5:07:55 AM,21,True,148,0.08398609,77.56381,42.999344,796.5695017,139.65565624,165.20349353,175.0828969,170.687057345
7/15/2025 5:07:57 AM,21,True,148,0.08398609,77.56381,42.99684507,794.24676195,137.984025485,164.78183,174.8858,170.67332
7/15/2025 5:07:59 AM,21,True,148,0.08398609,77.56381,42.987034,795.4978888,136.40873199,164.78183,174.8858,170.221155395
7/15/2025 5:08:01 AM,21,True,148,0.08398609,77.56381,42.987034,791.4307945,134.840714,164.58038495,174.85247883,170.20305
7/15/2025 5:08:03 AM,21,True,148,0.08398609,77.56381,42.987034,799.4552257,134.52472,164.27505,174.66513,169.70479072
7/15/2025 5:08:05 AM,21,True,148,0.08398609,77.56381,42.987034,798.8119461,131.905677925,164.27505,174.66513,169.68457
7/15/2025 5:08:07 AM,21,True,148,0.082658966655,77.56381,42.987034,793.4046632,129.9078163,164.27505,174.66513,169.09803326
7/15/2025 5:08:09 AM,21,True,148,0.026285075,77.5657139,42.987034,791.38880321,127.867158765,164.27505,174.66513,169.07423
7/15/2025 5:08:11 AM,21,True,148,0.026285075,77.57961,42.987034,791.48339056,127.42878,163.99725242,174.66513,169.07423
7/15/2025 5:08:13 AM,21,True,148,0.026285075,77.577357425,42.987294292,791.04610423,127.42878,163.501404065,174.66513,169.07423
7/15/2025 5:08:15 AM,21,True,148,0.026285075,77.56076,42.998419845,795.27571594,123.360524045,163.39615,174.66513,167.98909525
7/15/2025 5:08:17 AM,21,True,148,0.026285075,77.56076,43.029278924,791.7387383,120.9187615,163.39615,174.66513,167.620512065
7/15/2025 5:08:19 AM,21,True,148,0.026285075,77.56076,42.98945,790.965802585,119.212840988,163.39615,174.545093025,167.60594
7/15/2025 5:08:21 AM,21,True,148,0.026285075,77.56076,42.98945,793.0956469,117.24526076,163.39615,173.85132,167.0603182
7/15/2025 5:08:23 AM,21,True,148,0.026285075,77.56076,42.98945,794.15362915,115.55383423,163.128061045,173.85132,167.0361
7/15/2025 5:08:25 AM,21,True,148,0.026285075,77.561687465,42.9929682,793.574696,114.05294949,162.70786,173.814146205,167.0361
7/15/2025 5:08:27 AM,21,True,148,0.026285075,77.56879,43.0032644,788.54783543,112.64995329,162.58842388,173.59583,167.0361
7/15/2025 5:08:29 AM,21,True,148,0.026285075,77.56879,42.9863,786.76099192,111.37548975,162.39844,173.59583,166.06476262
7/15/2025 5:08:31 AM,21,True,148,0.026285075,77.56879,42.98956485,792.5006165,110.21607698,162.39844,173.59583,166.01846
7/15/2025 5:08:33 AM,21,True,148,0.026285075,77.56879,42.997843492,791.509514475,109.00660065,162.39844,173.59583,165.60375252
7/15/2025 5:08:35 AM,21,True,148,0.026285075,77.56879,42.976624,795.064004375,107.996594003,162.39844,173.59583,165.5833
7/15/2025 5:08:37 AM,21,True,148,0.026285075,77.56693078,42.976624,795.431802625,107.792816,162.12756043,173.59583,165.5833
7/15/2025 5:08:39 AM,21,True,148,0.026285075,77.54953492,42.976624,797.991153125,107.792816,161.620467755,173.59583,165.5833
7/15/2025 5:08:41 AM,21,True,148,0.026285075,77.5351918,42.976624,792.882185125,105.831255338,161.51138,173.59583,165.5833
7/15/2025 5:08:43 AM,21,True,148,0.026285075,77.5504,42.985507105,799.492878125,104.66826976,161.51138,173.59583,164.735085325
7/15/2025 5:08:45 AM,21,True,148,0.026285075,77.5504,43.01861585,796.1081675,103.81206616,161.51138,173.47427584,164.69185
7/15/2025 5:08:47 AM,21,True,148,0.026285075,77.5515782,43.005983628,790.592624,103.08900373,161.294140075,172.73679,164.37017425
7/15/2025 5:08:49 AM,21,True,148,0.026285075,77.56136,43.020849934,793.148466225,102.35883006,160.86594684,172.73679,164.3536
7/15/2025 5:08:51 AM,21,True,148,0.026285075,77.56136,42.998096,798.18932816,101.71616769,160.74959,172.6987646,164.3536
7/15/2025 5:08:53 AM,21,True,148,0.026285075,77.56136,42.998096,792.47481725,101.18311599,160.74959,172.46518,164.3536
7/15/2025 5:08:55 AM,21,True,148,0.026285075,77.5612976,42.998096,792.576487,100.582827,160.74959,172.46518,164.3536
7/15/2025 5:08:57 AM,21,True,148,0.026285075,77.56076,43.00058424,788.2831335,100.44503,160.74959,172.46518,164.3536
7/15/2025 5:08:59 AM,21,True,148,0.026234666306,77.56076,43.011192,786.187554,99.577675124,160.47369181,172.46518,164.3536
7/15/2025 5:09:01 AM,21,True,148,0.011882591,77.56076,43.011192,790.56494736,98.981350215,159.93757897,172.46518,163.3563908
7/15/2025 5:09:03 AM,21,True,148,0.011882591,77.56076,43.011192,787.67772068,98.88132,159.82,172.390873365,163.3028
7/15/2025 5:09:05 AM,21,True,148,0.011882591,77.56076,43.0125031875,795.9507025,98.259708455,159.82,171.92867,163.06169915
7/15/2025 5:09:07 AM,21,True,148,0.011882591,77.56076,43.0095789575,796.202480825,97.743607253,159.82,171.911035565,163.04834
7/15/2025 5:09:09 AM,21,True,148,0.011882591,77.56076,42.97204,791.9762,97.374905596,159.82,171.79948,163.04834
7/15/2025 5:09:11 AM,21,True,148,0.011882591,77.56076,42.978642148,789.354907375,97.148653505,159.82,171.79948,162.8256516
7/15/2025 5:09:13 AM,21,True,148,0.011882591,77.55946211,43.002994897,792.59572805,97.10558,159.4800346,171.79948,162.81294
7/15/2025 5:09:15 AM,21,True,148,0.011882591,77.54765,42.98165,793.54430155,96.690821565,158.8924,171.7833502,162.81294
7/15/2025 5:09:17 AM,21,True,148,0.011882591,77.54765,42.986119409,793.94451409,96.56937,158.77395412,171.68,162.81294
7/15/2025 5:09:19 AM,21,True,148,0.011882591,77.54765,43.007658329,789.5295982,96.56937,158.56384,171.68,162.571639875
7/15/2025 5:09:21 AM,21,True,148,0.011882591,77.54765,43.014736,789.9308122,96.02189832,158.56384,171.68,162.55719
7/15/2025 5:09:23 AM,21,True,148,0.011882591,77.54765,43.010471476,793.88154385,95.85929,158.56384,171.68,162.55719
7/15/2025 5:09:25 AM,21,True,148,0.011882591,77.54765,42.99124,792.89910298,95.85929,158.34288504,171.68,162.55719
7/15/2025 5:09:27 AM,21,True,148,0.011882591,77.54765,42.99124,792.21938674,95.45130474,157.94318,171.68,162.55719
7/15/2025 5:09:29 AM,21,True,148,0.011882591,77.54765,42.996115579,795.878850675,95.32875,157.81632785,171.68,162.55719
7/15/2025 5:09:31 AM,21,True,148,0.011882591,77.54765,43.018402,796.79638095,95.32875,157.58585,171.68,162.55719
7/15/2025 5:09:33 AM,21,True,148,0.011882591,77.54765,43.017575736,795.970102725,95.32875,157.58585,171.68,162.011709405
7/15/2025 5:09:35 AM,21,True,148,0.011882591,77.54765,43.013786,790.8666431,94.85116575,157.58585,171.593237075,161.9772
7/15/2025 5:09:37 AM,21,True,148,0.011882591,77.54765,43.013786,798.85980764,94.70241,157.35333184,171.01515,161.9772
7/15/2025 5:09:39 AM,21,True,148,0.02442730278,77.54765,43.013786,800.42206633,94.70241,156.85447185,171.01515,161.9772
7/15/2025 5:09:41 AM,21,True,148,0.024618339,77.54765,43.011018428,791.68650585,94.70241,156.71954,170.99132096,161.9772
7/15/2025 5:09:43 AM,21,True,148,0.0335521097585,77.54765,42.99815,791.522372185,94.234946725,156.71954,170.82971,161.62687408
7/15/2025 5:09:45 AM,21,True,148,0.03370199,77.54765,42.99815,793.784593375,93.9359378025,156.71954,170.82971,161.60312
7/15/2025 5:09:47 AM,21,True,148,0.03370199,77.54646056,42.99815,795.627959375,93.88827,156.71954,170.82971,161.40431671
7/15/2025 5:09:49 AM,21,True,148,0.03370199,77.53421,42.99815,796.987779995,93.88827,156.71954,170.82971,161.39095
7/15/2025 5:09:51 AM,21,True,148,0.03370199,77.534560525,42.99815,793.150493405,93.88827,156.361583725,170.82971,161.39095
7/15/2025 5:09:53 AM,21,True,148,0.03370199,77.538216,43.000757912,795.839407,93.4071130575,155.68945,170.82971,161.39095
7/15/2025 5:09:55 AM,21,True,148,0.03370199,77.538216,43.009031255,795.63143458,93.255585,155.566928575,170.7481175,161.011776625
7/15/2025 5:09:57 AM,21,True,148,0.03370199,77.538216,42.993740408,798.027869215,93.043455885,155.3338,170.17697,160.9852
7/15/2025 5:09:59 AM,21,True,148,0.03370199,77.538216,43.014164,793.9669815,92.9761,155.3338,170.16327641,160.9852
7/15/2025 5:10:01 AM,21,True,148,0.03370199,77.538216,43.0125682025,793.30891712,92.9761,155.3338,170.06564,160.802886925
7/15/2025 5:10:03 AM,21,True,148,0.03370199,77.538216,43.004913,797.240487155,92.7528424,155.11716952,170.06251545,160.78969
7/15/2025 5:10:05 AM,21,True,148,0.03370199,77.538216,43.004913,795.538526675,92.68234,154.6331856,170.04034,160.758289135
7/15/2025 5:10:07 AM,21,True,148,0.03370199,77.538216,43.004052357,793.92002952,92.68234,154.50636,170.04809188,160.75598
7/15/2025 5:10:09 AM,21,True,148,0.03370199,77.538216,42.99988,786.44184283,92.68234,154.50636,170.10388,160.7908178
7/15/2025 5:10:11 AM,21,True,148,0.03370199,77.538216,42.99694426,786.0426485,92.46191881,154.50636,170.10388,160.79344
7/15/2025 5:10:13 AM,21,True,148,0.03370199,77.538216,42.988559622,793.053580425,92.39193,154.50636,170.130107605,160.79344
7/15/2025 5:10:15 AM,21,True,148,0.03370199,77.538216,43.017956,794.493400205,92.39193,154.24810971,170.32521,160.79344
7/15/2025 5:10:17 AM,21,True,148,0.03370199,77.537019144,43.017956,793.0217059,92.39193,153.7389,170.32521,160.79344
7/15/2025 5:10:19 AM,21,True,148,0.01171240357,77.52344,43.017956,795.07918425,92.39193,153.626477305,170.32521,161.107523695
7/15/2025 5:10:21 AM,21,True,148,0.01105566,77.52344,43.017956,798.335039605,92.39193,153.40381,170.32521,161.13171
7/15/2025 5:10:23 AM,21,True,148,0.01105566,77.52344,43.017956,789.77151543,92.156372655,153.40381,170.379966,161.13171
7/15/2025 5:10:25 AM,21,True,148,0.01105566,77.52344,43.013285424,792.63022835,92.08014,153.40381,170.79321,161.34613437
7/15/2025 5:10:27 AM,21,True,148,0.01105566,77.52263069,42.98690389,800.878743,92.08014,153.40381,170.80757117,161.36302
7/15/2025 5:10:29 AM,21,True,148,0.01105566,77.51326,42.9722,795.7869376,92.08014,153.166223465,170.9203,161.36302
7/15/2025 5:10:31 AM,21,True,148,0.01105566,77.51326,42.9722,793.5825488,92.08014,152.62433836,170.92846072,161.47726062
7/15/2025 5:10:33 AM,21,True,148,0.01105566,77.51326,42.97608549,795.64886475,92.08014,152.50102,170.99382,161.48639
7/15/2025 5:10:35 AM,21,True,148,0.01105566,77.51326,42.9930648,797.9234043,92.08014,152.50102,170.99382,161.48639
7/15/2025 5:10:37 AM,21,True,148,0.01105566,77.51326,42.9859597575,794.866944825,91.812737887,152.50102,170.993484385,161.48639924
7/15/2025 5:10:39 AM,21,True,148,0.01105566,77.51326,43.017418304,798.12200632,91.723366,152.31703705,170.99081,161.4864
7/15/2025 5:10:41 AM,21,True,148,0.01105566,77.51326,42.995853,794.0680842,91.621192663,151.8834505,170.99081,161.4864
7/15/2025 5:10:43 AM,21,True,148,0.01105566,77.51326,42.995853,793.8922878,91.58234,151.76758,170.99081,161.40171505
7/15/2025 5:10:45 AM,21,True,148,0.01105566,77.513682836,42.995853,799.394099625,91.313067125,151.76758,170.99081,161.3947
7/15/2025 5:10:47 AM,21,True,148,0.01105566,77.518974,42.997913916,796.81789025,91.02963512,151.76758,170.99081,161.3947
7/15/2025 5:10:49 AM,21,True,148,0.01105566,77.518974,43.009064,793.3523828,90.960236,151.76758,170.99081,161.234666
7/15/2025 5:10:51 AM,21,True,148,0.01105566,77.518974,43.005465439,791.691313035,90.44815134,151.547109025,170.96731941,161.22075
7/15/2025 5:10:53 AM,21,True,148,0.01105566,77.518974,42.991926708,798.13340458,90.02136385,151.07753,170.7753,161.22075
7/15/2025 5:10:55 AM,21,True,148,0.01105566,77.518974,43.0183675185,800.404673375,89.7452642,150.980288765,170.7753,161.22075
7/15/2025 5:10:57 AM,21,True,148,0.01105566,77.518989012,42.98988,801.142774875,89.44091672,150.77222,170.76243612,161.22075
7/15/2025 5:10:59 AM,21,True,148,0.01105566,77.51919,42.98988,798.80695976,89.34514,150.77222,170.65619,161.22075
7/15/2025 5:11:01 AM,21,True,148,0.01105566,77.51919,42.98988,794.610679985,89.34514,150.77222,170.65619,161.22075
7/15/2025 5:11:03 AM,21,True,148,0.01105566,77.51919,42.98988,789.660834725,88.8509116,150.77222,170.65619,161.22075
7/15/2025 5:11:05 AM,21,True,148,0.01105566,77.51919,42.992406108,793.402776685,88.63402,150.5704565,170.65619,161.22075
7/15/2025 5:11:07 AM,21,True,148,0.01105566,77.5175127775,43.0036153685,795.97610998,88.337461555,150.0710818,170.65619,161.22075
7/15/2025 5:11:09 AM,21,True,148,0.01105566,77.494705,42.992709688,797.28895842,88.20701,149.95915,170.65619,161.22075
7/15/2025 5:11:11 AM,21,True,148,0.01105566,77.496058065,43.0014488425,793.48473864,88.00601921,149.95915,170.65619,160.49854874
7/15/2025 5:11:13 AM,21,True,148,0.01105566,77.5149,42.973095,795.306668395,87.91698,149.95915,170.65619,160.42973
7/15/2025 5:11:15 AM,21,True,148,0.01105566,77.5149,42.973095,795.769384965,87.764869755,149.95915,170.65619,160.42973
7/15/2025 5:11:17 AM,21,True,148,0.01105566,77.5135604675,42.9798405575,797.517957815,87.69669,149.76111538,170.65619,160.42973
7/15/2025 5:11:19 AM,21,True,148,0.01105566,77.493805,43.00869881,797.841721785,87.69669,149.30879,170.59480523,160.42973
7/15/2025 5:11:21 AM,21,True,148,0.01105566,77.493805,42.970777635,792.13011595,87.533395715,149.219995005,170.04842,160.15620708
7/15/2025 5:11:23 AM,21,True,148,0.01105566,77.493805,43.015495,791.16784955,87.45986,149.01622,170.04842,160.12965
7/15/2025 5:11:25 AM,21,True,148,0.01105566,77.493805,43.0131576325,795.059535475,87.45986,149.01622,170.04009154,160.12965
7/15/2025 5:11:27 AM,21,True,148,0.01105566,77.493805,43.003983476,797.26980775,87.37274544,149.01622,169.96596,160.057140175
7/15/2025 5:11:29 AM,21,True,148,0.01105566,77.49271597,43.02552,795.5998829,87.33324,149.01622,169.968873,160.0501
7/15/2025 5:11:31 AM,21,True,148,0.01105566,77.47624,43.0214196,797.1583994,87.33324,148.81581904,169.99509,160.06299568
7/15/2025 5:11:33 AM,21,True,148,0.01105566,77.47624,42.998184,793.452842,87.33324,148.34486,169.99509,160.06424
7/15/2025 5:11:35 AM,21,True,148,0.01105566,77.4768718,42.998184,790.249462,87.25773198,148.2564311,169.99509,160.06424
7/15/2025 5:11:37 AM,21,True,148,0.01105566,77.48677,42.998184,793.52441592,87.22317,148.04762,169.99509,160.06424
7/15/2025 5:11:39 AM,21,True,148,0.01105566,77.48677,42.998184,794.00656448,87.22317,148.04762,170.00809434,160.15889648
7/15/2025 5:11:41 AM,21,True,148,0.01105566,77.48677,42.998184,791.669717,87.22317,148.04762,170.12985,160.16803
7/15/2025 5:11:43 AM,21,True,148,0.01105566,77.48677,42.9973689,796.3734155,87.22317,147.89220646,170.12985,160.16803
7/15/2025 5:11:45 AM,21,True,148,0.01105566,77.48532754,42.99275,797.6340812,87.22317,147.5199,170.12985,160.16803
7/15/2025 5:11:47 AM,21,True,148,0.01105566,77.4619,42.99667615,795.4631806,87.22317,147.43359926,170.12985,160.167073975
7/15/2025 5:11:49 AM,21,True,148,0.01105566,77.4619,43.014955068,792.8404452,87.22317,147.22586,170.12985,160.16698
7/15/2025 5:11:51 AM,21,True,148,0.01105566,77.4619,42.991188,795.7237086,87.22317,147.22586,170.12612859,160.16698
7/15/2025 5:11:53 AM,21,True,148,0.01105566,77.4619,42.991188,793.07754804,87.22317,147.22586,170.09047,160.16698
7/15/2025 5:11:55 AM,21,True,148,0.01105566,77.4619,42.995254608,793.74149474,87.22317,147.22586,170.09047,160.16698
7/15/2025 5:11:57 AM,21,True,148,0.01105566,77.4619,43.013962192,793.30112635,87.22317,147.03340424,170.09047,160.16698
7/15/2025 5:11:59 AM,21,True,148,0.01105566,77.4619,42.990183514,796.44926212,87.22317,146.5645,170.09047,160.16698
7/15/2025 5:12:01 AM,21,True,148,0.01105566,77.46258698,43.01685,799.76778374,87.22317,146.5645,170.08374517,160.16698
7/15/2025 5:12:03 AM,21,True,148,0.01105566,77.4860588285,43.01685,796.8380725,87.22317,146.44642849,170.01816,160.07457706
7/15/2025 5:12:05 AM,21,True,148,0.01105566,77.473779764,43.01400402,797.4769821,87.22317,146.15524,170.01816,160.06499
7/15/2025 5:12:07 AM,21,True,148,0.01105566,77.49415,42.99729,794.084046375,87.22317,146.15524,170.01816,160.06499
7/15/2025 5:12:09 AM,21,True,148,0.01105566,77.49415,42.998145729,795.685469175,87.22317,146.04802148,170.01816,160.06499
7/15/2025 5:12:11 AM,21,True,148,0.01105566,77.49415,43.007271328,796.0531426,87.22317,145.73157136,170.01816,160.06499
7/15/2025 5:12:13 AM,21,True,148,0.01105566,77.493365875,43.026371995,797.37264095,87.22317,145.61525,170.01816,160.06499
7/15/2025 5:12:15 AM,21,True,148,0.01105566,77.4634,42.995514,795.06615155,87.22317,145.61525,170.01816,160.06499
7/15/2025 5:12:17 AM,21,True,148,0.01105566,77.4634,42.998030098,797.710607275,87.22317,145.61525,170.01816,160.06499
7/15/2025 5:12:19 AM,21,True,148,0.01105566,77.4634,43.013233,795.85646836,87.22317,145.61525,170.021948685,160.082668415
7/15/2025 5:12:21 AM,21,True,148,0.01105566,77.4634,43.013233,792.62996828,87.22317,145.44520508,170.06097,160.0846
7/15/2025 5:12:23 AM,21,True,148,0.01105566,77.4634,43.0103346555,791.37658123,87.22317,145.00577,170.06097,160.0846
7/15/2025 5:12:25 AM,21,True,148,0.01105566,77.4634,42.99275,788.32429883,87.02073483,144.92940062,170.06097,160.0846
7/15/2025 5:12:27 AM,21,True,148,0.01105566,77.463435264,42.99275,792.3411773,86.92035,144.73106,170.06097,160.0846
7/15/2025 5:12:29 AM,21,True,148,0.01105566,77.465505264,42.99275,794.98844,86.92035,144.73106,170.06097,160.0846
7/15/2025 5:12:31 AM,21,True,148,0.01105566,77.480835,42.99275,798.1916203,86.92035,144.73106,170.070345075,160.13969971
7/15/2025 5:12:33 AM,21,True,148,0.01105566,77.480835,42.99275,799.35286871,86.92035,144.59900734,170.17062,160.14589
7/15/2025 5:12:35 AM,21,True,148,0.01105566,77.480835,42.99275,796.07996625,86.92035,144.25174,170.17062,160.14589
7/15/2025 5:12:37 AM,21,True,148,0.01105566,77.4803256875,42.996524714,791.81204174,86.92035,144.25174,170.17062,160.14589
7/15/2025 5:12:39 AM,21,True,148,0.01105566,77.44571,43.01472721,792.86906964,86.92035,144.25174,170.17062,160.14589
7/15/2025 5:12:41 AM,21,True,148,0.01105566,77.44571,42.984247214,793.8060312,86.92035,144.25174,170.17062,160.14589
7/15/2025 5:12:43 AM,21,True,148,0.01105566,77.44571,43.00377,795.4063143,86.92035,144.09734942,170.18926212,160.14589
7/15/2025 5:12:45 AM,21,True,148,0.01105566,77.445508985,43.00377,800.2241983,86.92035,143.68098,170.39255,160.33690015
7/15/2025 5:12:47 AM,21,True,148,0.01105566,77.431158985,42.99957069,802.513959705,86.92035,143.61903035,170.39255,160.35919
7/15/2025 5:12:49 AM,21,True,148,0.01105566,77.455664228,42.9779890145,794.66113865,86.92035,143.44543,170.3938087,160.35919
7/15/2025 5:12:51 AM,21,True,148,0.01105566,77.435486,43.011963,794.66267235,86.92035,143.44543,170.4079,160.35931537
7/15/2025 5:12:53 AM,21,True,148,0.01105566,77.435677061,43.010875845,792.24390336,86.92035,143.44543,170.4079,160.35933
7/15/2025 5:12:55 AM,21,True,148,0.01105566,77.4521,43.00391,789.10235995,86.755128645,143.44543,170.4023254,160.35933
7/15/2025 5:12:57 AM,21,True,148,0.01105566,77.4521,43.00391,792.883934275,86.66868,143.44543,170.3395,160.304860725
7/15/2025 5:12:59 AM,21,True,148,0.01105566,77.4521,43.004107904,791.90620803,86.66868,143.272153,170.3395,160.2983
7/15/2025 5:13:01 AM,21,True,148,0.01105566,77.4521,43.005398,793.3853099,86.66868,142.77898,170.3395,160.2983
7/15/2025 5:13:03 AM,21,True,148,0.01105566,77.4521,43.005398,791.62364076,86.66868,142.77898,170.3267327,160.2983
7/15/2025 5:13:05 AM,21,True,148,0.01105566,77.4521,43.005398,797.6205712,86.603609946,142.77898,170.1809,160.2983
7/15/2025 5:13:07 AM,21,True,148,0.01105566,77.4521,43.005398,795.76074,86.568726,142.77898,170.1809,160.111909445
7/15/2025 5:13:09 AM,21,True,148,0.01105566,77.45206575,43.005398,793.2870352,86.568726,142.77898,170.1809,160.08899
7/15/2025 5:13:11 AM,21,True,148,0.01105566,77.4384,43.005398,791.827249675,86.568726,142.61529648,170.1809,160.08899
7/15/2025 5:13:13 AM,21,True,148,0.01105566,77.4384,43.005398,792.871024375,86.568726,142.1044607,170.1809,160.08899
7/15/2025 5:13:15 AM,21,True,148,0.01105566,77.4384,43.005398,795.575158195,86.568726,142.00548,170.1809,160.08899
7/15/2025 5:13:17 AM,21,True,148,0.01105566,77.4384,43.00527216,796.14270207,86.568726,142.00548,170.1809,160.08899
7/15/2025 5:13:19 AM,21,True,148,0.01105566,77.4384,43.006861,795.2422549,86.568726,142.00548,170.1809,160.08899
7/15/2025 5:13:21 AM,21,True,148,0.01105566,77.4384,43.018451165,792.526912225,86.568726,142.00548,170.143636975,159.763014935
7/15/2025 5:13:23 AM,21,True,148,0.01105566,77.4384,42.987,793.87614949,86.568726,141.87363867,169.68735,159.72252
7/15/2025 5:13:25 AM,21,True,148,0.01105566,77.4384,42.989725504,792.358625415,86.34472395,141.48126,169.684054995,159.650151675
7/15/2025 5:13:27 AM,21,True,148,0.01105566,77.4384,43.008293,794.76198555,86.221436,141.42215202,169.64252,159.64107
7/15/2025 5:13:29 AM,21,True,148,0.01105566,77.43166,43.0057886635,794.97067696,86.221436,141.2453,169.64243605,159.64107
7/15/2025 5:13:31 AM,21,True,148,0.01105566,77.43166,42.991898528,793.58952091,86.221436,141.2453,169.64137,159.62498869
7/15/2025 5:13:33 AM,21,True,148,0.01105566,77.43166,43.009850974,792.515633125,86.221436,141.2453,169.64137,159.62294
7/15/2025 5:13:35 AM,21,True,148,0.01105566,77.43166,42.988342,794.6772391,86.221436,141.1404601,169.64137,159.62294
7/15/2025 5:13:37 AM,21,True,148,0.01105566,77.43166,42.988342,797.515169,86.221436,140.8251,169.64137,159.62294
7/15/2025 5:13:39 AM,21,True,148,0.01105566,77.43166,42.988342,800.154827025,86.221436,140.7668925,169.64137,159.62294
7/15/2025 5:13:41 AM,21,True,148,0.01105566,77.43166,42.988342,798.53283525,86.221436,140.59227,169.64137,159.62294
7/15/2025 5:13:43 AM,21,True,148,0.01105566,77.43166,42.988342,800.07663364,86.221436,140.59227,169.64137,159.62294
7/15/2025 5:13:45 AM,21,True,148,0.01105566,77.43166,42.9909181,801.48346596,86.221436,140.59227,169.64137,159.62294
7/15/2025 5:13:47 AM,21,True,148,0.01105566,77.43166,43.0064670605,798.1169773,86.221436,140.59227,169.65419684,159.62294
7/15/2025 5:13:49 AM,21,True,148,0.01105566,77.43166,42.990963335,795.9210453,86.221436,140.46507335,169.83,159.62294
7/15/2025 5:13:51 AM,21,True,148,0.01105566,77.43213832,43.014626,794.2977448,85.871953796,140.0731,169.83,159.728746445
7/15/2025 5:13:53 AM,21,True,148,0.01105566,77.43214,43.014626,795.8372384,85.66802,140.017497175,169.83,159.74297
7/15/2025 5:13:55 AM,21,True,148,0.01105566,77.43214,43.008256852,794.37929616,85.66802,139.84381,169.83,159.74297
7/15/2025 5:13:57 AM,21,True,148,0.01105566,77.43214,42.96177,795.17452604,85.66802,139.84381,169.83,159.74297
7/15/2025 5:13:59 AM,21,True,148,0.01105566,77.43214,42.9638764265,795.46403515,85.66802,139.84381,169.83175266,159.743225055
7/15/2025 5:14:01 AM,21,True,148,0.01105566,77.43214,42.9840048005,797.39035185,85.66802,139.746810105,169.85782,159.74326
7/15/2025 5:14:03 AM,21,True,148,0.01105566,77.43214,43.017956,793.5068145,85.66802,139.4388,169.85782,159.74326
7/15/2025 5:14:05 AM,21,True,148,0.01105566,77.43214,43.017956,790.8672962,85.66802,139.38268095,169.85782,159.74326
7/15/2025 5:14:07 AM,21,True,148,0.01105566,77.41383901,43.017956,791.32917541,85.66802,139.2035,169.85782,159.74326
7/15/2025 5:14:09 AM,21,True,148,0.01105566,77.41371,43.016617881,792.84664289,85.489031855,139.2035,169.85782,159.74326
7/15/2025 5:14:11 AM,21,True,148,0.01105566,77.445839065,43.00647,791.575961,85.38095,139.2035,169.85882223,159.74326
7/15/2025 5:14:13 AM,21,True,148,0.01105566,77.44618,43.005016779,790.18784735,85.38095,139.2035,169.87425,159.73333183
7/15/2025 5:14:15 AM,21,True,148,0.01105566,77.426830048,42.996277024,792.968893,85.38095,139.08326225,169.87425,159.73192
7/15/2025 5:14:17 AM,21,True,148,0.01105566,77.426674,43.011397355,790.9812708,85.38095,138.69185,169.87425,159.73192
7/15/2025 5:14:19 AM,21,True,148,0.01105566,77.426674,42.99407,796.51492075,85.38095,138.63937607,169.87790146,159.73192
7/15/2025 5:14:21 AM,21,True,148,0.01105566,77.422979207,42.995868025,793.7667455,85.30192817,138.46664,169.93411,159.73192
7/15/2025 5:14:23 AM,21,True,148,0.01105566,77.41096321,43.009705,792.606315,85.25204,138.46664,169.93411,159.73192
7/15/2025 5:14:25 AM,21,True,148,0.01105566,77.4316274,43.008997402,799.1340778,85.25204,138.46664,169.93411,159.73192
7/15/2025 5:14:27 AM,21,True,148,0.01105566,77.43188,43.003498,800.13126662,85.25204,138.37159073,169.93411,159.8130736
7/15/2025 5:14:29 AM,21,True,148,0.01105566,77.43188,43.003498,794.24775425,85.25204,138.05606,169.93411,159.8252
7/15/2025 5:14:31 AM,21,True,148,0.01105566,77.42685588,43.003498,794.382467875,85.25204,138.00119573,169.93411,159.8252
7/15/2025 5:14:33 AM,21,True,148,0.01105566,77.4268,43.003498,794.552662325,85.25204,137.817,169.94159866,159.8252
7/15/2025 5:14:35 AM,21,True,148,0.01105566,77.4268,43.003498,796.197566,85.25204,137.817,170.06549,159.8653362
7/15/2025 5:14:37 AM,21,True,148,0.01105566,77.4268,43.003904784,799.375095625,85.25204,137.817,170.06549,159.87187
7/15/2025 5:14:39 AM,21,True,148,0.01105566,77.4268,43.004637975,796.631778525,85.25204,137.720476225,170.06271389,159.87187
7/15/2025 5:14:41 AM,21,True,148,0.01105566,77.4268,42.988167267,793.95358484,85.25204,137.38705,170.01547,159.825090335
7/15/2025 5:14:43 AM,21,True,148,0.01105566,77.4268,43.015434,795.13768579,85.25204,137.38705,170.01547,159.81738
7/15/2025 5:14:45 AM,21,True,148,0.01105566,77.4268,43.015434,793.5308048,85.25204,137.38705,170.01547,159.81738
7/15/2025 5:14:47 AM,21,True,148,0.01105566,77.4268,43.015434,791.329060535,85.1262,137.38705,170.01547,159.81738
7/15/2025 5:14:49 AM,21,True,148,0.01105566,77.4092401,43.015434,794.88971145,85.04404,137.38705,170.01547,159.81738
7/15/2025 5:14:51 AM,21,True,148,0.01105566,77.43225128,43.015434,798.3200159,85.04404,137.38705,170.00061251,159.81738
7/15/2025 5:14:53 AM,20.969696969697,True,148,0.01105566,77.412941031,43.014792588,797.9044276,85.04404,137.229539905,169.73514,159.597422395
7/15/2025 5:14:55 AM,No Data,True,148,0.01105566,77.412506,43.009495,799.188309125,85.04404,136.66618,169.73315464,159.56027
7/15/2025 5:14:57 AM,No Data,True,148,0.01105566,77.412506,43.0124818875,795.067761375,85.04404,136.66618,169.69696,159.56027
7/15/2025 5:14:59 AM,No Data,True,148,0.01105566,77.426693435,43.039547175,788.7284394,85.04404,136.66618,169.69820836,159.540385785
7/15/2025 5:15:01 AM,No Data,True,148,0.01105566,77.42702,43.05837,782.47212544,85.04404,136.66618,169.72168,159.537
7/15/2025 5:15:03 AM,No Data,True,148,0.01105566,77.42702,43.05522313,785.19007908,85.04404,136.56396914,169.72168,159.537
7/15/2025 5:15:05 AM,No Data,True,148,0.01105566,77.42702,43.02896,781.17073434,85.04404,136.1783,169.72168,159.537
7/15/2025 5:15:07 AM,No Data,True,148,0.01105566,77.42702,43.030346825,782.465551165,85.014238855,136.1312882,169.730855,159.65109576
7/15/2025 5:15:09 AM,No Data,True,148,0.01105566,77.42702,43.04249,787.73164461,84.99433,135.9539,169.90518,159.68216
7/15/2025 5:15:11 AM,No Data,True,148,0.0173824305,77.42702,43.04249,787.62215374,84.99433,135.9539,169.911959815,159.7764071
7/15/2025 5:15:13 AM,No Data,True,148,0.01832781,77.42702,43.04249,789.46415266,84.99433,135.9539,170.04497,159.80222
7/15/2025 5:15:15 AM,No Data,True,148,0.01832781,77.42702,43.04249,779.327514,84.99433,135.8685954,170.04497,159.80222
7/15/2025 5:15:17 AM,No Data,True,148,0.01832781,77.42702,43.04196682,780.1064792,84.97667052,135.5398,170.04497,159.80222
7/15/2025 5:15:19 AM,No Data,True,148,0.01832781,77.42702,43.03731,783.724368935,84.9647,135.5398,170.04497,160.055996495
7/15/2025 5:15:21 AM,No Data,True,148,0.01832781,77.42702,43.03731,781.496233095,84.9647,135.46753308,170.06947558,160.12695
7/15/2025 5:15:23 AM,No Data,True,148,0.01832781,77.42702,43.03731,785.28782112,84.9647,135.18468,170.5777,160.12695
7/15/2025 5:15:25 AM,No Data,True,148,0.01832781,77.41504496,43.035171395,787.58711018,84.9647,135.18468,170.5777,160.12695
7/15/2025 5:15:27 AM,No Data,True,148,0.01832781,77.4147,43.01758128,783.51177971,84.895557135,135.18468,170.5777,160.12695
7/15/2025 5:15:29 AM,No Data,True,148,0.01832781,77.43252648,43.02952,784.13626605,84.84721,135.094104,170.598745385,160.516516375
7/15/2025 5:15:31 AM,No Data,True,148,0.01832781,77.4049976525,43.0251891535,788.602048975,84.792549,134.74068,171.05063,160.628
7/15/2025 5:15:33 AM,No Data,True,148,0.01832781,77.404175,42.986427,784.33886062,84.75417,134.689984615,171.05063,160.628
7/15/2025 5:15:35 AM,No Data,True,148,0.01832781,77.404175,42.986427,779.81927114,84.75417,134.48909,171.05063,160.628
7/15/2025 5:15:37 AM,No Data,True,148,0.01832781,77.3880501425,42.986427,783.760698,84.75417,134.48909,171.05063,160.628
7/15/2025 5:15:39 AM,No Data,True,148,0.01832781,77.4085567675,42.986427,780.55612795,84.75417,134.48909,171.05063,160.95107493
7/15/2025 5:15:41 AM,No Data,True,148,0.01832781,77.3875993875,42.986427,784.161800875,84.56547506,134.48909,171.07600516,161.04514
7/15/2025 5:15:43 AM,No Data,True,148,0.01832781,77.38692,42.986427,782.83821675,84.43189,134.48909,171.64075,161.04514
7/15/2025 5:15:45 AM,No Data,True,148,0.01832781,77.38692,42.989907166,780.7671721,84.43189,134.48909,171.64075,161.04514
7/15/2025 5:15:47 AM,No Data,True,148,0.01832781,77.38692,43.019304043,779.35155868,84.43189,134.48909,171.64999263,161.24689528
7/15/2025 5:15:49 AM,No Data,True,148,0.01832781,77.4176553475,42.991207,775.1837696,84.43189,134.31704304,171.86618,161.30682
7/15/2025 5:15:51 AM,No Data,True,148,0.01832781,77.418655,42.992551768,777.42565245,84.18671575,133.60225,171.86618,161.30682
7/15/2025 5:15:53 AM,No Data,True,148,0.01832781,77.396012695,43.005215,782.11914212,83.95380268,133.60225,171.87350108,161.41113485
7/15/2025 5:15:55 AM,No Data,True,148,0.01832781,77.39524,43.005952675,788.48868272,83.835900825,133.60225,172.0539,161.44247
7/15/2025 5:15:57 AM,No Data,True,148,0.01832781,77.39524,43.01038325,786.5034676,83.78038,133.60225,172.0539,161.44247
7/15/2025 5:15:59 AM,No Data,True,148,0.01832781,77.39524,42.985355,782.18620656,83.78038,133.50984769,172.0539,161.44247
7/15/2025 5:16:01 AM,No Data,True,148,0.01832781,77.39524,42.988553914,782.57368337,83.78038,133.10812,172.0539,161.44247
7/15/2025 5:16:03 AM,No Data,True,148,0.01832781,77.39524,43.016487687,782.990918,83.78038,133.10812,172.06345636,161.44247
7/15/2025 5:16:05 AM,No Data,True,148,0.01832781,77.39524,42.988388,783.05104167,83.78038,133.10812,172.31218,161.44247
7/15/2025 5:16:07 AM,No Data,True,148,0.01832781,77.39524,42.988388,786.1659655,83.78038,133.10812,172.31218,161.44247
7/15/2025 5:16:09 AM,No Data,True,148,0.01832781,77.39524,42.988388,785.64389667,83.78038,133.10812,172.31218,161.649923375
7/15/2025 5:16:11 AM,No Data,True,148,0.01832781,77.39524,42.98923641,782.49805975,83.293554575,133.02305674,172.31218,161.71454
7/15/2025 5:16:13 AM,No Data,True,148,0.01832781,77.39524,42.99756,782.0954905,82.93593,132.64456,172.3225143,161.71454
7/15/2025 5:16:15 AM,No Data,True,148,0.01832781,77.391542075,42.99756,779.635317925,82.93593,132.64456,172.61613,161.71454
7/15/2025 5:16:17 AM,No Data,True,148,0.01832781,77.39139,42.99756,782.91478502,82.79199745,132.64456,172.61613,161.85826246
7/15/2025 5:16:19 AM,No Data,True,148,0.01832781,77.39139,42.99756,783.8631213,82.68583,132.61018663,172.61613,161.9034
7/15/2025 5:16:21 AM,No Data,True,148,0.01832781,77.39139,42.99628722,784.16192559,82.68583,132.45062362,172.61613,161.9034
7/15/2025 5:16:23 AM,No Data,True,148,0.01832781,77.39139,42.985693806,785.3932206,82.68583,132.44639248,172.61613,161.9034
7/15/2025 5:16:25 AM,No Data,True,148,0.054307700618,77.39139,43.006142563,782.6578444,82.5912673,132.48162656,172.61613,161.9034
7/15/2025 5:16:27 AM,No Data,True,148,0.079528783968,77.39139,42.97864,778.90339685,82.52123,132.568264155,172.61613,161.9034
7/15/2025 5:16:29 AM,No Data,True,148,0.08316498,77.39139,42.97864,782.80389825,82.5144518,132.700511845,172.632926045,161.9034
7/15/2025 5:16:31 AM,No Data,True,148,0.08316498,77.39139,42.97864,782.8997715,82.50938,132.87958976,173.16682,161.9034
7/15/2025 5:16:33 AM,No Data,True,148,0.08316498,77.39139,42.97864,779.00412325,82.56601826,133.07262,173.16682,162.235601845
7/15/2025 5:16:35 AM,No Data,True,148,0.08316498,77.39139,42.9806615125,776.6736687,82.669829775,133.07262,173.16682,162.34253
7/15/2025 5:16:37 AM,No Data,True,148,0.08316498,77.39139,43.001743,776.5181298,82.7962523,133.07262,173.16682,162.34253
7/15/2025 5:16:39 AM,No Data,True,148,0.08316498,77.39139,43.001743,784.560940975,82.96503287,133.39921632,173.16682,162.46811672
7/15/2025 5:16:41 AM,No Data,True,148,0.08316498,77.37719568,43.001743,784.25939278,83.20402183,134.96046,173.16682,162.50865
7/15/2025 5:16:43 AM,No Data,True,148,0.084270131555,77.37648,43.0014465775,781.30051363,83.32525,135.18955403,173.16682,162.50865
7/15/2025 5:16:45 AM,No Data,True,148,0.08450537,77.37648,42.99955439,784.653945,83.76606211,136.456156555,173.16682,162.50865
7/15/2025 5:16:47 AM,No Data,True,148,0.074599078662,77.37648,43.012855136,784.6318019,84.33089266,137.19583,173.1764062,162.50865
7/15/2025 5:16:49 AM,No Data,True,148,0.097434152612,77.37648,42.991974,783.221867025,84.7594324,137.19583,173.53552,162.50865
7/15/2025 5:16:51 AM,No Data,True,148,0.1030262,77.37648,42.991974,778.63036555,85.241630455,137.5999366,173.53552,162.50865
7/15/2025 5:16:53 AM,No Data,True,148,0.1030262,77.37648,42.99303208,778.957260515,85.782382915,139.66743,173.53552,162.9274275
7/15/2025 5:16:55 AM,No Data,True,148,0.1030262,77.37648,43.0052,782.0719605,86.42662081,139.9511244,173.53552,163.06702
7/15/2025 5:16:57 AM,No Data,True,148,0.1030262,77.37648,43.003104102,780.8172224,87.03534719,141.59644812,173.538609545,163.06702
7/15/2025 5:16:59 AM,No Data,True,148,0.1030262,77.3625207,42.979164,780.16229685,87.64820595,142.59061132,173.66699,163.06702
7/15/2025 5:17:01 AM,No Data,True,148,0.1030262,77.361786,42.979164,785.86833684,88.2648212,143.50717,173.66699,163.373540365
7/15/2025 5:17:03 AM,No Data,True,148,0.1030262,77.369428734,42.98196096,782.57630969,88.78196467,143.50717,173.66699,163.47763
7/15/2025 5:17:05 AM,No Data,True,148,0.1030262,77.369865,43.014126,774.18683313,89.344796314,143.50717,173.66699,163.47763
7/15/2025 5:17:07 AM,No Data,True,148,0.1030262,77.369865,43.014126,775.94374467,89.957248804,144.09100719,173.67216314,163.74531718
7/15/2025 5:17:09 AM,No Data,True,148,0.1075196591075,77.369865,43.014126,782.688698445,90.22057,147.404814665,173.91333,163.90326415
7/15/2025 5:17:11 AM,No Data,True,148,0.108597755,77.369865,43.014126,785.5896054,90.948511072,148.3493226,173.91333,163.92613
7/15/2025 5:17:13 AM,No Data,True,148,0.108597755,77.369865,43.014126,781.88433975,91.936966157,149.395401595,173.91333,163.92613
7/15/2025 5:17:15 AM,No Data,True,148,0.108597755,77.3403483975,43.012395579,781.61859192,92.26464,150.12161,173.91333,164.18559303
7/15/2025 5:17:17 AM,No Data,True,148,0.123829075475,77.33868,42.991653,780.29483568,93.23886702,150.12161,173.91333,164.27534
7/15/2025 5:17:19 AM,No Data,True,148,0.12751865,77.33868,42.991653,780.29718975,94.65214678,150.496477875,173.91333,164.27534
7/15/2025 5:17:21 AM,No Data,True,148,0.12751865,77.37735885,42.99265413,783.04205856,95.66537262,152.69856076,173.91333,164.27534
7/15/2025 5:17:23 AM,No Data,True,148,0.12751865,77.37961,43.004913,784.04589702,96.60983816,153.49532833,173.91333,164.27534
7/15/2025 5:17:25 AM,No Data,True,148,0.12751865,77.37961,43.003488056,785.67235822,97.64855984,154.34047846,173.91333,164.80670799
7/15/2025 5:17:27 AM,No Data,True,148,0.12751865,77.37961,42.9879732055,784.96172047,98.820803765,155.129271225,173.91685456,165.11551845
7/15/2025 5:17:29 AM,No Data,True,148,0.12751865,77.37961,43.01717,787.32858755,100.114517942,155.767179045,174.18445,165.32001174
7/15/2025 5:17:31 AM,No Data,True,148,0.12751865,77.37961,43.01717,781.44826156,101.714901704,156.48916786,174.18445,165.37651
7/15/2025 5:17:33 AM,No Data,True,148,0.12751865,77.3529986,43.01717,777.57657319,102.53351,157.09200728,174.18445,165.37651
7/15/2025 5:17:35 AM,No Data,True,148,0.12751865,77.3513,43.01717,780.48857285,102.53351,157.62992577,174.18470608,165.37651
7/15/2025 5:17:37 AM,No Data,True,148,0.12751865,77.3513,43.01717,780.68382443,102.53351,158.26919096,174.20773,165.37651
7/15/2025 5:17:39 AM,No Data,True,148,0.12751865,77.3513,43.0154987975,781.23199715,105.856792895,158.814473285,174.20773,166.04337631
7/15/2025 5:17:41 AM,No Data,True,148,0.12751865,77.3513,42.993465,784.45594225,109.407363945,159.22809,174.20773,166.43124788
7/15/2025 5:17:43 AM,No Data,True,148,0.12751865,77.3513,42.993465,783.8481679,111.02916748,159.347755385,174.20773,166.48555
7/15/2025 5:17:45 AM,No Data,True,148,0.12751865,77.3513,42.995035371,781.007368295,112.57255182,160.0921,174.2070906,166.48555
7/15/2025 5:17:47 AM,No Data,True,148,0.144879725375,77.3513,43.014921004,779.22293648,113.88938822,160.196171,174.15213,166.48555
7/15/2025 5:17:49 AM,No Data,True,148,0.14956446,77.3513,42.99734,780.308935905,115.12397675,160.90621136,174.15213,166.48555
7/15/2025 5:17:51 AM,No Data,True,148,0.14956446,77.364509375,42.99734,784.037890345,116.28963338,161.31432328,174.1526476,167.05913688
7/15/2025 5:17:53 AM,No Data,True,148,0.15614038322,77.36539,42.99734,786.65142176,117.380914624,161.67786725,174.20389,167.26488
7/15/2025 5:17:55 AM,No Data,True,148,0.1443491876,77.36539,42.997585119,786.9118179,118.497464845,161.97267975,174.20451424,167.517026505
7/15/2025 5:17:57 AM,No Data,True,148,0.1406169,77.36539,43.001026,784.03241738,119.50608617,162.14728,174.27325,167.60817
7/15/2025 5:17:59 AM,No Data,True,148,0.15670923345,77.36539,43.0003696245,782.46395262,120.321946988,162.14728,174.274210585,167.60817
7/15/2025 5:18:01 AM,No Data,True,148,0.16116905,77.36539,42.992995365,782.65692896,121.063010071,162.14728,174.38626,167.60817
7/15/2025 5:18:03 AM,No Data,True,148,0.16116905,77.36539,43.019264655,784.18679072,121.7468681325,162.297994825,174.38626,168.00490634
7/15/2025 5:18:05 AM,No Data,True,148,0.1715748597,77.339093305,42.985016,783.72451007,122.33093089,163.27623,174.38626,168.15053
7/15/2025 5:18:07 AM,No Data,True,148,0.17449275,77.33722,42.985016,782.7389746,122.957574886,163.27623,174.38626,168.15053
7/15/2025 5:18:09 AM,No Data,True,148,0.17449275,77.364104395,42.984578402,783.966469375,123.287224,163.3663252,174.38626,168.4083952
7/15/2025 5:18:11 AM,No Data,True,148,0.17449275,77.366035,42.9792308125,787.35245162,123.775479796,163.96927,174.3877748,168.50377
7/15/2025 5:18:13 AM,No Data,True,148,0.17449275,77.366035,42.995754763,791.965145825,124.41823165,164.0232675,174.68922,168.50377
7/15/2025 5:18:15 AM,No Data,True,148,0.17449275,77.349765775,42.985095052,794.74504975,124.855764802,164.419727365,174.68922,168.50377
7/15/2025 5:18:17 AM,No Data,True,148,0.128348181255,77.34856,43.020850053,793.67061815,125.06659,164.560333475,174.68922,168.50377
7/15/2025 5:18:19 AM,No Data,True,148,0.11498976,77.34856,42.977512,791.432665,125.698517485,164.6495275,174.689642065,168.50377
7/15/2025 5:18:21 AM,No Data,True,148,0.123282832515,77.34856,42.977512,782.71726,126.6002629,164.69571,174.80981,168.50377
7/15/2025 5:18:23 AM,No Data,True,148,0.12571125,77.34856,42.977512,779.7774382,127.19155847,164.6917854,174.80981,168.9595195
7/15/2025 5:18:25 AM,No Data,True,148,0.107523270525,77.34856,42.979899209,783.8000848,127.686136176,164.66406,174.80990388,169.13239
7/15/2025 5:18:27 AM,No Data,True,148,0.116791489371,77.34856,43.01502348,786.02726825,128.110454204,164.66406,174.85675,169.23035689
7/15/2025 5:18:29 AM,No Data,True,148,0.121122934,77.33206905,42.98532816,787.73924125,128.39580172,164.66406,174.85675,169.26761
7/15/2025 5:18:31 AM,No Data,True,148,0.121122934,77.33078,42.996764083,790.53184952,128.6228404,164.631668395,174.85675,169.26761
7/15/2025 5:18:33 AM,No Data,True,148,0.121122934,77.33078,42.979378,791.36644452,128.8152162,164.39525,174.856742715,169.315772975
7/15/2025 5:18:35 AM,No Data,True,148,0.121122934,77.33078,42.980549287,787.64983485,128.88370492,164.39525,174.84218,169.33676
7/15/2025 5:18:37 AM,No Data,True,148,0.099402812512,77.33078,42.9994,783.329134425,128.84033585,164.35998203,174.84218,169.33676
7/15/2025 5:18:39 AM,No Data,No Data,No Data,0.09018259,77.34201505,42.9994,787.35952926,128.70216353,164.09763,174.84218,169.28297904
